,Unnamed: 0,Country,Code,Region,Income group,GDP,Population,Control of Corruption,Voice and Accountability,Rule Of Law,Government Effectiveness,Regulatory Quality,Political Stability,Education Expenditure,Children out of School,Female Unemployment,Children Mortality Rate,Secondary Teachers,New Businesses,Suicide Female Rate,Sanitation Services %People,Starting Bus (days),Life expectancy,Adult Mortality Rate,Ease Of Doing Bussiness,Days to register Property,Logistics performance Index,Strength of legal rights index
0,0,Afghanistan,AFG,South Asia,Low income,434.94,27150655.33,-1.43,-1.33,-1.7,-1.47,-1.56,-2.44,14.55295002,,2.755238079,102.42,60541.26563,8142.11,1.38,43.07,9.1,59.35,291.6,167.0,250.4,1.99,9.17
1,1,Albania,ALB,Europe & Central Asia,Upper middle income,2897.02,2982586.29,-0.69,0.01,-0.59,-0.36,0.0,-0.14105263199999998,10.91780288,18834.23077,16.16519056,16.48,23437.57143,14.84,4.88,97.71,16.31,75.84,103.37,63.0,32.93,2.43,6.83
2,2,Algeria,DZA,Middle East & North Africa,Upper middle income,3384.3,34744844.57,-0.63,-0.96,-0.82,-0.61,-0.9,-1.305789474,11.42835045,208160.4375,21.08257148,31.86,151948.0,1161.05,1.98,90.52,21.16,73.17,131.03,157.0,61.33,2.45,2.0
3,3,American Samoa,ASM,East Asia & Pacific,Upper middle income,10234.83,57162.67,0.69,0.86,1.17,0.42,0.3,0.964285714,,,,,,,,,,,,,,,
4,4,Angola,AGO,Sub-Saharan Africa,Lower middle income,2573.04,21463004.67,-1.33,-1.22,-1.36,-1.15,-1.18,-0.825789474,7.100333977000001,990803.6,16.41176169,149.54,36316.42857,6310.53,3.12,54.93,64.06,54.32,342.3,173.0,238.33,2.36,1.0
5,5,Antigua and Barbuda,ATG,Latin America & Caribbean,High income,12585.75,84113.62,0.97,0.52,0.83,0.45,0.6,0.857368421,10.35636346,2201.375,,11.51,672.875,,0.5,,22.29,74.83,167.39,112.0,32.93,,5.0
6,6,Argentina,ARG,Latin America & Caribbean,Upper middle income,8889.1,39735665.71,-0.37,0.36,-0.54,-0.06,-0.56,-0.068421053,15.18621274,21363.11765,12.36247626,15.9,265683.3,429.47,3.56,94.83,27.84,75.06,167.35,119.0,51.27,3.02,3.0
7,7,Armenia,ARM,Europe & Central Asia,Upper middle income,2262.13,2972675.76,-0.64,-0.61,-0.39,-0.19,0.18,-0.181578947,12.26101065,10722.2,15.92547594,22.02,,15.32,2.24,95.83,10.94,72.79,191.52,41.0,6.33,2.42,5.0
8,8,Aruba,ABW,Latin America & Caribbean,High income,22882.34,98519.86,1.2,1.17,1.14,1.18,1.16,1.24,,232.0769231,,,493.0,,,,,74.66,127.92,,,,
9,9,Australia,AUS,East Asia & Pacific,High income,39989.34,21217772.19,1.93,1.42,1.78,1.72,1.71,1.005789474,13.51506901,78915.15789,5.830952395,5.2,,19.95,6.52,,2.66,80.91,87.12,18.0,4.67,3.79,11.0
10,10,Austria,AUT,Europe & Central Asia,High income,39411.85,8295775.48,1.73,1.38,1.86,1.73,1.52,1.165789474,10.7238262,,5.043666658,4.68,73263.00329,3.42,8.36,99.98,23.88,79.8,105.79,26.0,24.9,3.89,4.0
11,11,Azerbaijan,AZE,Europe & Central Asia,Upper middle income,3379.68,8738617.0,-1.11,-1.25,-0.85,-0.67,-0.52,-0.724736842,11.93187907,75436.31579,7.813428697000001,49.73,128800.0,60.74,1.12,84.36,31.03,69.42,196.11,25.0,21.7,2.46,3.0
12,12,"Bahamas, The",BHS,Latin America & Caribbean,High income,27970.33,335654.14,1.32,1.02,0.95,1.06,0.75,0.972631579,18.9228096,1157.625,11.74890486,12.95,2348.090909,4.0,0.6,,25.17,73.99,218.76,118.0,134.5,2.79,6.0
13,13,Bahrain,BHR,Middle East & North Africa,High income,18076.57,1023619.9,0.28,-1.0,0.44,0.49,0.71,-0.418947368,9.021194935,4418.733333,3.635761897,10.11,9047.857143,3.0,2.42,,9.08,75.56,85.77,62.0,31.0,3.19,1.0
14,14,Bangladesh,BGD,South Asia,Lower middle income,705.73,141520061.24,-1.07,-0.42,-0.85,-0.73,-0.91,-1.240526316,16.37972329,933602.0,5.570095255,62.04,363820.6545,10510.53,7.76,47.21,19.88,68.62,163.9,176.0,270.8,2.61,5.0
15,15,Barbados,BRB,Latin America & Caribbean,High income,14004.57,278279.48,1.47,1.13,1.18,1.33,0.84,1.091578947,18.33994061,1517.933333,11.64638097,14.6,1251.4545449999996,1.42,1.26,,16.88,74.48,140.17,129.0,105.0,,6.0
16,16,Belarus,BLR,Europe & Central Asia,Upper middle income,4085.41,9677907.33,-0.53,-1.46,-1.04,-0.83,-1.24,0.195263158,11.76507994,28244.85714,6.81752382,8.1,79882.0,13.47,11.36,93.99,31.44,70.33,332.24,37.0,67.13,2.54,2.67
17,17,Belgium,BEL,Europe & Central Asia,High income,36879.2,10706062.38,1.48,1.38,1.37,1.63,1.28,0.836842105,11.91700363,15719.941180000002,8.444047565,4.95,129032.75,9.68,13.38,99.49,12.44,79.43,112.84,45.0,86.53,3.99,4.67
18,18,Belize,BLZ,Latin America & Caribbean,Upper middle income,4028.35,299619.67,-0.21,0.7,-0.31,-0.3,-0.27,0.211578947,19.79234769,1357.75,17.21157142,20.15,1750.5882350000004,3.37,1.82,88.97,44.07,69.31,230.37,125.0,59.93,,4.0
19,19,Benin,BEN,Sub-Saharan Africa,Low income,637.9,8548770.14,-0.6,0.26,-0.46,-0.48,-0.41,0.412105263,18.77301566,148376.4545,1.327142847,122.57,46850.11111000001,1647.37,5.98,22.72,25.5,58.05,290.29,153.0,120.0,2.62,6.0
20,20,Bermuda,BMU,North America,High income,71735.86,63800.33,1.29,1.06,0.98,1.1,1.3,0.856315789,,499.33333330000005,,,706.5384615,,,99.94,,79.61,,,,,
21,21,Bhutan,BTN,South Asia,Lower middle income,1697.86,657718.67,0.99,-0.63,0.27,0.47,-0.68,0.8726315790000001,17.72649398,27912.30769,3.2644761860000004,54.86,3695.230769,45.68,8.88,73.38,37.69,65.43,245.75,81.0,88.0,2.33,4.0
22,22,Bolivia,BOL,Latin America & Caribbean,Lower middle income,1735.85,9561066.48,-0.63,0.01,-0.82,-0.47,-0.59,-0.4747368420000001,19.4070658,70869.22222000001,3.685952368,57.85,48871.375,735.26,10.38,57.68,49.41,64.56,245.23,156.0,90.67,2.43,0.0
23,23,Bosnia and Herzegovina,BIH,Europe & Central Asia,Upper middle income,3380.23,3664449.33,-0.36,-0.02,-0.39,-0.7,-0.31,-0.456315789,,,30.1797142,8.17,27445.0,5.37,3.74,98.68,86.06,75.42,144.2,89.0,117.8,2.69,7.0
24,24,Botswana,BWA,Sub-Saharan Africa,Upper middle income,5410.59,1871793.81,0.93,0.55,0.63,0.52,0.58,1.02,24.26957321,39900.2,21.90538079,63.16,11162.3,117.74,4.7,73.62,71.13,56.62,477.47,86.0,13.6,2.67,5.0
25,25,Brazil,BRA,Latin America & Caribbean,Upper middle income,7256.11,189132292.33,-0.09,0.45,-0.2,-0.1,0.09,-0.151578947,13.06749944,457736.6429,11.36461907,24.54,1435705.5,2194.74,2.72,86.4,73.62,72.59,220.62,109.0,31.55,3.02,2.0
26,26,Brunei Darussalam,BRN,East Asia & Pacific,High income,27777.88,372303.86,0.51,-0.77,0.55,0.88,1.0,1.183157895,9.026537538,1273.2,7.741952442,11.15,4355.052632,2.11,2.08,96.03,81.5,76.23,112.54,55.0,298.92,2.87,6.83
27,27,Bulgaria,BGR,Europe & Central Asia,Upper middle income,4840.24,7616719.24,-0.16,0.49,-0.1,0.1,0.52,0.257894737,10.75903211,8604.105263,10.91404765,12.8,51916.31579,10.53,6.62,86.78,30.94,72.98,218.92,59.0,21.67,2.97,8.0
28,28,Burkina Faso,BFA,Sub-Saharan Africa,Low income,453.29,14507104.38,-0.23,-0.29,-0.5,-0.62,-0.26,-0.279473684,17.85433218,1079412.167,5.4345714360000015,137.43,23454.92857,2826.32,4.98,45.85,20.0,54.95,316.42,151.0,102.27,2.43,6.0
29,29,Burundi,BDI,Sub-Saharan Africa,Low income,193.74,8062977.19,-1.08,-1.09,-1.21,-1.27,-1.12,-1.782105263,15.48021239,388680.1818,1.374142863,113.0,12932.5,3142.11,5.04,40.39,9.38,53.86,357.43,168.0,66.47,2.24,2.0
30,30,Cambodia,KHM,East Asia & Pacific,Lower middle income,663.4,13692719.14,-1.14,-0.94,-1.11,-0.85,-0.43,-0.393684211,9.493651748,139103.4615,1.614333366,64.75,22318.125,1142.63,3.24,68.47,96.56,63.78,247.61,138.0,55.93,2.59,10.0
31,31,Cameroon,CMR,Sub-Saharan Africa,Lower middle income,1089.54,19002590.81,-1.13,-1.03,-1.11,-0.84,-0.83,-0.645263158,16.781945899999997,281451.2,5.034523782,122.18,60547.6,5152.63,7.54,55.74,27.59,53.8,391.84,166.0,89.87,2.4,6.0
32,32,Canada,CAN,North America,High income,36973.73,33029774.14,1.97,1.47,1.77,1.83,1.66,1.082105263,12.38904823,13278.71429,6.7690952389999985,5.84,,30.53,6.9,,3.88,80.52,95.35,22.0,5.5,3.89,9.0
33,33,Cayman Islands,CYM,Latin America & Caribbean,High income,62223.77,51639.52,1.16,0.85,1.06,1.4,1.15,1.034736842,,,,,313.9,,,95.55,,82.19,,,,,
34,34,Central African Republic,CAF,Sub-Saharan Africa,Low income,373.58,4103706.86,-1.14,-1.08,-1.46,-1.52,-1.19,-1.746315789,9.315771698999999,270286.625,7.84071425,156.46,2390.5,1578.95,4.6,39.74,22.31,46.82,496.5,183.0,75.0,2.36,6.0
35,35,Chad,TCD,Sub-Saharan Africa,Low income,592.63,10965499.33,-1.36,-1.27,-1.36,-1.27,-1.06,-1.415789474,11.89868585,664083.5,1.465047623,161.01,10065.5,5721.05,7.56,27.77,60.44,49.53,409.21,181.0,44.0,2.24,6.0
36,36,Chile,CHL,Latin America & Caribbean,High income,9579.95,16555804.76,1.41,1.03,1.29,1.18,1.44,0.533157895,17.410348199999998,112346.5556,10.32342859,9.33,66611.15723,69.26,3.94,98.08,23.94,77.98,127.28,56.0,30.0,3.2,4.0
37,37,China,CHN,East Asia & Pacific,Upper middle income,3593.51,1314434047.62,-0.42,-1.58,-0.48,0.07,-0.26,-0.453684211,13.59148502,14051869.0,3.671571414,22.92,5809600.9410000015,7215.79,12.38,81.44,24.93,74.14,108.03,46.0,21.08,3.5,4.0
38,38,Colombia,COL,Latin America & Caribbean,Upper middle income,4617.44,43477243.43,-0.31,-0.19,-0.49,-0.13,0.2,-1.6010526319999998,14.97719989,170099.5294,15.8071428,20.6,183677.5882,657.89,3.06,86.93,22.88,72.58,210.33,65.0,18.6,2.68,10.67
39,39,Comoros,COM,Sub-Saharan Africa,Lower middle income,1101.98,648211.29,-0.83,-0.42,-1.0,-1.56,-1.29,-0.277894737,19.03706372,24004.4,4.637095223999999,89.96,6289.166667,96.89,3.42,43.45,21.0,61.14,277.57,164.0,30.0,2.41,6.0
40,40,"Congo, Rep.",COG,Sub-Saharan Africa,Lower middle income,1815.52,3919890.33,-1.13,-1.11,-1.22,-1.19,-1.21,-0.788947368,11.01188487,180866.25,17.1144762,80.6,10764.0,785.79,4.62,18.85,83.19,57.45,357.31,180.0,59.2,2.25,6.0
41,41,Costa Rica,CRI,Latin America & Caribbean,Upper middle income,6661.11,4383205.81,0.65,1.04,0.55,0.31,0.51,0.671052632,,8392.8,8.962142922,10.97,22446.3125,23.89,2.28,97.51,58.5,78.42,121.05,67.0,18.83,2.71,7.33
42,42,Croatia,HRV,Europe & Central Asia,High income,10416.0,4316397.38,0.05,0.45,0.09,0.48,0.38,0.5294736839999999,8.764571985,7675.294118000002,14.2162858,6.48,41955.0,4.58,9.44,98.16,23.59,75.54,153.46,58.0,223.53,2.97,5.0
43,43,Cuba,CUB,Latin America & Caribbean,Upper middle income,4814.4,11220447.43,0.26,-1.65,-0.83,-0.35,-1.42,0.395789474,,22472.94737,4.269523836,6.91,83049.19047999999,55.47,6.8,91.92,,78.17,120.73,,,2.2,
44,44,Cyprus,CYP,Europe & Central Asia,High income,23632.57,1052688.62,1.06,1.03,1.03,1.26,1.2,0.495789474,15.77100021,943.1666667000003,8.021047615,4.68,5824.684211,1.21,2.12,99.91,7.45,79.03,80.83,57.0,23.55,3.06,7.0
45,45,Czech Republic,CZE,Europe & Central Asia,High income,14281.31,10368917.43,0.41,0.98,0.95,0.91,1.1,0.954736842,9.506796731,,7.813000066,4.26,83347.0,5.84,5.66,99.09,35.44,76.66,147.74,35.0,64.17,3.39,6.67
46,46,Denmark,DNK,Europe & Central Asia,High income,48444.21,5488571.48,2.35,1.57,1.93,2.05,1.78,1.1105263159999998,14.95464353,8864.411765,5.794142825,4.74,45196.4,5.32,9.22,99.6,5.72,78.43,109.85,3.0,22.73,3.87,8.0
47,47,Djibouti,DJI,Middle East & North Africa,Lower middle income,1163.72,806130.19,-0.61,-1.16,-0.84,-0.9,-0.67,-0.294210526,23.53028278,65237.6,13.1964763,84.44,1769.6666670000004,73.84,4.1,62.62,28.79,59.31,312.88,99.0,44.79,2.12,1.67
48,48,Dominica,DMA,Latin America & Caribbean,Upper middle income,5920.45,70611.29,0.63,1.0,0.67,0.4,0.53,0.871052632,13.01777363,390.8,,20.62,475.0,,,,12.64,76.27,183.0,103.0,42.0,,6.0
49,49,Dominican Republic,DOM,Latin America & Caribbean,Upper middle income,4462.91,9323647.05,-0.73,0.12,-0.6,-0.49,-0.18,-0.019473684,11.97103577,115362.25,9.583428655,36.42,34595.0,207.89,3.12,85.09,31.56,72.05,218.53,102.0,54.4,2.68,1.0
50,50,Ecuador,ECU,Latin America & Caribbean,Upper middle income,3806.41,14317438.0,-0.73,-0.19,-0.9,-0.67,-0.89,-0.541578947,10.82571507,39714.55556,5.210333336000001,22.12,78136.62408,264.21,4.48,85.92,61.63,74.42,182.61,123.0,26.47,2.72,1.0
51,51,"Egypt, Arab Rep.",EGY,Middle East & North Africa,Lower middle income,2030.65,79207144.33,-0.61,-1.08,-0.25,-0.49,-0.47,-0.89,13.05237484,697460.7333,22.56333333,35.13,502455.4,975.26,1.46,97.0,18.81,69.81,203.91,120.0,112.27,2.82,2.5
52,52,El Salvador,SLV,Latin America & Caribbean,Lower middle income,2717.68,6093980.1,-0.45,0.06,-0.64,-0.27,0.14,0.003157895,15.73146269,56179.375,3.99714286,24.06,19814.50488,89.37,4.86,91.14,31.69,70.94,285.99,85.0,33.93,2.72,7.0
53,53,Equatorial Guinea,GNQ,Sub-Saharan Africa,Upper middle income,10432.37,852421.1,-1.56,-1.8,-1.39,-1.48,-1.41,-0.012631579,5.248139858,51325.5,8.997190475,127.23,1026.333333,120.47,6.88,80.24,135.36,54.91,353.17,177.0,23.0,2.12,6.0
54,54,Eritrea,ERI,Sub-Saharan Africa,Low income,418.99,2694432.93,-0.42,-1.99,-1.13,-1.27,-1.83,-0.7673684209999999,5.7035615439999985,294519.6111,7.197095235,66.76,4837.631579,970.0,4.72,31.67,82.33,59.87,350.69,189.0,78.0,2.05,0.0
55,55,Estonia,EST,Europe & Central Asia,High income,11911.96,1350012.29,1.0,1.09,1.05,0.96,1.41,0.703157895,14.32195462,2176.888889,8.562238057,6.84,10788.0,2.16,7.9,99.47,17.38,73.61,250.58,16.0,28.5,3.14,7.0
56,56,Ethiopia,ETH,Sub-Saharan Africa,Low income,309.4,81760499.19,-0.61,-1.24,-0.73,-0.68,-1.05,-1.443684211,23.25697708,4656891.647,3.410380931,103.4,98852.8,20263.16,3.44,16.94,31.69,58.3,331.1,159.0,52.67,2.39,3.0
57,57,Fiji,FJI,East Asia & Pacific,Upper middle income,3704.59,837945.9,0.07,-0.34,-0.37,-0.39,-0.42,0.306315789,19.37733093,2478.0,5.121000017,23.7,4596.75,7.26,2.5,93.29,45.13,68.74,251.0,101.0,68.47,2.38,5.0
58,58,Finland,FIN,Europe & Central Asia,High income,38805.28,5307966.14,2.3,1.55,1.98,2.08,1.77,1.429473684,12.31009539,4971.842105,9.327333337,3.44,41935.11765,2.32,9.9,99.45,17.88,79.33,127.85,17.0,25.0,3.86,7.0
59,59,France,FRA,Europe & Central Asia,High income,34355.21,63725475.1,1.38,1.24,1.44,1.51,1.15,0.487368421,10.17142531,71735.05556000001,10.16023808,4.65,489365.625,79.74,12.88,98.59,7.94,80.72,122.77,32.0,99.2,3.84,4.0
60,60,Gabon,GAB,Sub-Saharan Africa,Upper middle income,6872.82,1529491.95,-0.83,-0.78,-0.51,-0.69,-0.44,0.248947368,11.96621978,15591.0,24.6830953,69.21,2885.0,161.05,3.24,41.16,48.86,61.89,295.3,169.0,75.5,2.25,6.0
61,61,"Gambia, The",GMB,Sub-Saharan Africa,Low income,553.0,1663422.48,-0.6,-1.01,-0.41,-0.64,-0.43,0.144736842,10.85467574,67837.64706,13.10509523,93.23,5304.75,532.63,4.12,48.69,26.79,58.41,309.08,149.0,66.0,2.43,5.5
62,62,Georgia,GEO,Europe & Central Asia,Upper middle income,2353.1,3899786.95,-0.13,-0.09,-0.38,0.02,0.18,-0.8205263159999999,11.28675437,22678.41667,13.00485715,23.09,46822.07692,21.53,2.4,95.78,7.69,72.51,212.86,6.0,5.07,2.56,9.0
63,63,Germany,DEU,Europe & Central Asia,High income,36596.77,81914540.24,1.84,1.38,1.68,1.64,1.57,0.906842105,10.45030551,6629.117647,7.465619042,4.61,581174.6313,51.16,7.48,99.29,18.38,79.34,110.61,24.0,52.0,4.12,6.0
64,64,Ghana,GHA,Sub-Saharan Africa,Lower middle income,1023.87,23177343.29,-0.16,0.32,0.0,-0.09,-0.1,-0.026315789,22.90707326,912622.7333,7.063952401,79.5,99454.42105,2847.37,2.02,18.12,14.25,59.66,291.21,114.0,74.0,2.49,6.0
65,65,Greece,GRC,Europe & Central Asia,High income,20217.6,10919907.33,0.18,0.9,0.64,0.57,0.67,0.234736842,7.310077487999999,43078.17647,19.41180956,5.07,80598.26667000001,3.63,1.5,98.61,21.69,79.68,107.25,72.0,21.6,3.12,3.0
66,66,Greenland,GRL,Europe & Central Asia,High income,34506.17,56466.86,1.21,1.28,1.72,0.94,1.36,1.857777778,,,,,,,,99.5,,69.24,271.92,,,,
67,67,Grenada,GRD,Latin America & Caribbean,Upper middle income,6635.75,105638.0,0.53,0.75,0.26,0.21,0.31,0.681052632,26.79881048,490.8,,15.23,713.4166667000002,0.84,0.94,,16.36,71.87,207.35,147.0,52.36,,6.0
68,68,Guam,GUM,East Asia & Pacific,High income,29774.29,158336.0,0.89,0.78,1.16,0.19,0.5,0.6471428570000001,,,9.30366666,,,,,,,77.13,99.37,,,,
69,69,Guatemala,GTM,Latin America & Caribbean,Upper middle income,2556.9,13767896.76,-0.69,-0.3,-1.04,-0.62,-0.2,-0.7457894740000001,21.71080763,219177.4118,3.685142835,40.84,63163.77778,544.74,1.72,79.76,32.72,70.34,241.44,98.0,32.13,2.65,9.0
70,70,Guinea,GIN,Sub-Saharan Africa,Low income,567.83,9651680.0,-1.02,-1.09,-1.34,-1.06,-0.97,-1.291052632,12.96510399,564063.7647,3.133857137,127.55,13587.83333,3331.58,5.22,28.26,31.81,55.01,312.34,152.0,54.0,2.52,6.0
71,71,Guinea-Bissau,GNB,Sub-Saharan Africa,Low income,465.15,1437506.1,-1.25,-0.84,-1.37,-1.28,-1.12,-0.7278947370000001,13.3486517,86718.0,4.64019042,134.38,1598.5,395.26,3.66,30.27,110.0,54.29,311.79,175.0,138.86,2.36,6.0
72,72,Guyana,GUY,Latin America & Caribbean,Upper middle income,2316.16,753146.38,-0.51,0.17,-0.49,-0.21,-0.45,-0.39,15.00259444,5681.666667,15.18195234,40.3,3800.5,35.84,13.52,87.56,26.4,65.69,265.34,134.0,52.07,2.36,3.0
73,73,Haiti,HTI,Latin America & Caribbean,Low income,583.37,9502217.95,-1.29,-0.82,-1.38,-1.56,-1.02,-1.045789474,13.7900753,563557.0,15.01780941,95.4,,1177.37,5.62,32.88,156.25,60.16,307.84,182.0,384.0,2.16,2.0
74,74,Honduras,HND,Latin America & Caribbean,Lower middle income,1579.48,7778448.14,-0.86,-0.32,-0.95,-0.65,-0.36,-0.41,23.02458191,155187.7857,5.205333335,29.22,35139.5,262.11,1.4,80.08,26.5,71.86,186.6,121.0,25.53,2.58,9.0
75,75,"Hong Kong SAR, China",HKG,East Asia & Pacific,High income,31400.76,6927061.9,1.71,0.43,1.48,1.67,1.93,0.977368421,21.02044016,3038.0,3.789095243,,28863.36842,,,96.69,5.88,82.38,78.63,4.0,27.5,3.98,7.67
76,76,Hungary,HUN,Europe & Central Asia,High income,10313.36,10045722.43,0.47,0.89,0.77,0.74,1.0,0.852105263,9.896036095,17849.68421,7.475047611,7.4,91979.25,14.53,11.64,97.76,17.06,73.45,232.65,53.0,31.97,3.24,8.5
77,77,Iceland,ISL,Europe & Central Asia,High income,45669.85,305924.62,2.05,1.45,1.76,1.74,1.34,1.355263158,16.46510061,458.7368421,3.762428568,3.17,,0.0,6.54,98.7,7.13,81.29,74.69,21.0,3.77,3.33,5.0
78,78,India,IND,South Asia,Lower middle income,975.5,1178062223.29,-0.39,0.43,0.07,-0.05,-0.37,-1.142631579,13.25490475,9214664.727,3.32595236,68.93,3313019.0,76789.47,15.58,58.11,28.75,65.31,232.84,77.0,66.03,3.15,6.83
79,79,Indonesia,IDN,East Asia & Pacific,Lower middle income,2064.94,233002585.48,-0.74,-0.14,-0.62,-0.3,-0.35,-1.107368421,15.71516123,1308782.8,6.632714215,39.9,1301496.5,9821.05,2.2,71.79,40.57,67.56,212.35,73.0,27.6,2.96,5.17
80,80,"Iran, Islamic Rep.",IRN,Middle East & North Africa,Upper middle income,4128.69,71507371.33,-0.6,-1.36,-0.85,-0.48,-1.44,-0.971578947,20.53824224,315165.9375,18.55061908,24.79,310045.0,480.0,5.6,91.82,74.13,72.74,146.62,128.0,31.87,2.54,2.0
81,81,Iraq,IRQ,Middle East & North Africa,Upper middle income,4536.54,28583548.05,-1.37,-1.34,-1.59,-1.48,-1.45,-2.243157895,,336086.6,9.711999984,39.19,88288.4,551.58,2.24,85.21,29.83,68.92,207.74,171.0,51.0,2.18,0.0
82,82,Ireland,IRL,Europe & Central Asia,High income,45496.15,4283579.71,1.58,1.36,1.65,1.53,1.69,1.161052632,12.7919001,1575.166667,7.312476135,5.15,27273.0,5.21,4.88,88.8,11.19,79.24,100.07,23.0,34.87,3.8,7.0
83,83,Israel,ISR,Middle East & North Africa,High income,26605.18,7233404.76,0.97,0.68,0.98,1.22,1.12,-1.202105263,13.46178931,18403.94118,9.303190458,5.35,66915.72727,9.89,3.06,100.0,16.63,80.58,86.66,49.0,111.63,3.39,6.0
84,84,Italy,ITA,Europe & Central Asia,High income,30173.04,58584547.95,0.29,1.03,0.53,0.53,0.86,0.555789474,8.956545565,18572.55556,12.00480949,4.5,429266.3077,23.53,4.16,99.31,9.63,81.24,86.07,51.0,21.4,3.67,2.0
85,85,Jamaica,JAM,Latin America & Caribbean,Upper middle income,4196.04,2764428.19,-0.22,0.57,-0.34,0.17,0.22,-0.084210526,17.62368271,27718.5,18.02266657,19.62,13483.15385,47.05,0.9,83.6,10.25,74.03,187.55,75.0,29.03,2.49,8.67
86,86,Japan,JPN,East Asia & Pacific,High income,38098.55,127376967.05,1.38,1.02,1.36,1.43,1.07,1.047368421,9.225140095,96265.0,4.018428553,3.66,634735.3333,81.74,12.96,,11.28,82.33,87.22,39.0,13.0,3.96,5.0
87,87,Jordan,JOR,Middle East & North Africa,Upper middle income,2782.14,6762443.14,0.17,-0.65,0.32,0.1,0.2,-0.355263158,14.64665508,46597.6,22.82604762,23.18,46187.0,109.37,2.28,97.97,18.19,72.9,138.28,104.0,19.67,2.8,0.0
88,88,Kazakhstan,KAZ,Europe & Central Asia,Upper middle income,6057.87,15949147.71,-0.98,-1.1,-0.81,-0.48,-0.32,0.134210526,12.49831009,18545.3125,9.183047658,27.91,248033.6667,116.63,10.0,96.86,21.56,67.8,361.3,28.0,30.47,2.62,4.33
89,89,Kenya,KEN,Sub-Saharan Africa,Lower middle income,797.46,39154340.71,-0.99,-0.33,-0.81,-0.52,-0.25,-1.184736842,21.73145688,1646213.25,10.85357126,74.75,103719.4167,9078.95,1.42,34.56,37.0,59.02,389.96,61.0,66.73,2.74,7.5
90,90,Kiribati,KIR,East Asia & Pacific,Lower middle income,1248.79,96828.71,0.04,0.83,0.35,-0.57,-1.03,1.189333333,13.09635671,314.0,,65.64,561.4444444000002,3.68,5.38,46.88,30.38,64.99,251.23,158.0,513.0,,4.0
91,91,"Korea, Rep.",KOR,East Asia & Pacific,High income,19084.49,48815079.24,0.48,0.7,0.96,0.99,0.84,0.353157895,,57035.63158,3.343047642,5.36,214851.55,71.0,16.42,,10.31,78.85,122.86,5.0,8.23,3.65,5.0
92,92,Kuwait,KWT,Middle East & North Africa,High income,32070.77,2730483.43,0.28,-0.5,0.44,0.03,0.14,0.261578947,14.75688998,7937.882353,3.192190483,11.16,28738.25,3.0,1.66,,36.15,73.76,99.29,97.0,57.87,3.05,1.0
93,93,Kyrgyz Republic,KGZ,Europe & Central Asia,Lower middle income,722.98,5333276.19,-1.12,-0.79,-1.04,-0.69,-0.35,-0.783157895,16.56411943,19337.58824,9.66404765,36.29,53097.05263,103.26,3.94,92.53,15.06,68.94,281.18,70.0,5.0,2.34,8.33
94,94,Lao PDR,LAO,East Asia & Pacific,Lower middle income,973.69,5971235.57,-1.06,-1.63,-0.97,-0.78,-1.06,-0.077894737,12.0293701,119163.1579,1.186571431,90.85,21038.9,686.84,6.22,80.13,119.75,62.57,258.28,154.0,47.8,2.33,5.33
95,95,Latvia,LVA,Europe & Central Asia,High income,9394.6,2183481.81,0.26,0.8,0.66,0.68,0.99,0.5310526320000001,14.7858604,3350.777778,11.31866664,9.88,20955.68421,5.05,8.92,95.05,12.78,72.14,291.85,19.0,32.63,3.16,9.0
96,96,Lebanon,LBN,Middle East & North Africa,Upper middle income,5919.92,4943038.81,-0.79,-0.42,-0.57,-0.31,-0.2,-1.311052632,7.01582249,39143.75,10.11661902,13.72,44787.0625,17.74,2.34,,27.06,77.05,92.82,142.0,30.4,2.75,2.0
97,97,Lesotho,LSO,Sub-Saharan Africa,Lower middle income,856.9,2017615.95,0.05,-0.06,-0.12,-0.36,-0.49,0.028421053,26.25018482,81093.27777999999,35.86328552,108.61,4406.05,363.68,22.88,32.14,55.25,50.17,586.31,106.0,77.8,2.23,5.0
98,98,Liberia,LBR,Sub-Saharan Africa,Low income,486.74,3541332.86,-0.93,-0.54,-1.23,-1.41,-1.33,-1.172631579,6.356438569,362313.2857,2.383904775,128.22,12224.0,1342.11,6.06,26.39,21.15,57.01,300.71,174.0,47.23,2.39,7.67
99,99,Libya,LBY,Middle East & North Africa,Upper middle income,7558.41,5905290.38,-1.18,-1.61,-1.18,-1.24,-1.63,-0.6510526320000001,8.138730049,,26.07238088,20.88,,15.26,2.4,,35.0,71.26,168.67,186.0,,2.34,0.0
100,100,Liechtenstein,LIE,Europe & Central Asia,High income,118148.51,35154.14,1.59,1.43,1.48,1.73,1.51,1.392105263,,22.0,,,339.8,,,,,80.71,,,,,
101,101,Lithuania,LTU,Europe & Central Asia,High income,9537.9,3221145.86,0.37,0.92,0.72,0.73,1.05,0.7463157890000001,14.38186595,2454.722222,10.30623804,7.88,38109.61111000001,4.21,13.52,95.22,17.59,72.57,291.42,14.0,3.73,3.13,6.0
102,102,Luxembourg,LUX,Europe & Central Asia,High income,84070.87,491259.52,1.98,1.55,1.82,1.77,1.73,1.419473684,9.391287565,1164.4375,5.227476165,3.6,4075.984999,1.0,8.26,97.49,18.96,79.82,107.28,66.0,26.5,3.9,3.0
103,103,"Macao SAR, China",MAC,East Asia & Pacific,High income,42608.23,507458.9,0.54,0.2,0.68,1.1,1.21,0.826842105,,4471.764706,2.95261903,,2187.052632,,,,,81.96,74.76,,,,
104,104,Madagascar,MDG,Sub-Saharan Africa,Low income,349.38,19620127.05,-0.49,-0.34,-0.58,-0.79,-0.5,-0.223157895,16.41805464,692385.6,3.716285717,77.22,45566.125,3357.89,2.48,13.11,19.56,61.85,276.16,161.0,109.87,2.43,1.67
105,105,Malawi,MWI,Sub-Saharan Africa,Low income,313.87,13605376.14,-0.57,-0.22,-0.25,-0.57,-0.55,-0.047894737,16.74024248,94223.5,8.841999962000001,113.02,17987.22222,4021.05,1.8,47.1,37.5,53.71,504.32,111.0,73.8,2.68,7.67
106,106,Malaysia,MYS,East Asia & Pacific,Upper middle income,7030.48,26583206.9,0.22,-0.41,0.46,1.01,0.59,0.221052632,20.15125852,77931.55556000001,3.491333337,8.62,163078.3889,253.16,3.02,99.09,21.31,73.82,166.36,15.0,71.23,3.49,7.0
107,107,Maldives,MDV,South Asia,Upper middle income,5319.31,351413.33,-0.52,-0.63,-0.28,-0.01,0.06,0.43,14.18262024,1403.166667,4.151142824,24.23,1428.5,8.37,2.06,93.89,10.88,73.95,107.39,139.0,57.0,2.55,2.0
108,108,Mali,MLI,Sub-Saharan Africa,Low income,556.08,13878764.48,-0.67,0.03,-0.42,-0.84,-0.45,-0.445789474,17.04709536,913587.5714,8.99814289,163.67,34878.36364,4426.32,2.8,41.87,17.38,52.92,307.76,145.0,31.27,2.39,6.0
109,109,Malta,MLT,Middle East & North Africa,High income,17688.75,412002.33,0.84,1.2,1.35,1.06,1.19,1.272105263,14.48973361,327.3333333,7.038857188,7.05,3558.758843,0.37,2.94,99.98,29.38,79.93,80.29,84.0,15.0,3.04,2.0
110,110,Marshall Islands,MHL,East Asia & Pacific,Upper middle income,2691.69,54769.95,-0.36,1.18,-0.05,-1.25,-0.87,0.966,21.95558707,690.3333332999998,,38.84,348.0,,,94.78,17.31,66.37,302.0,150.0,,,10.0
111,111,Mauritania,MRT,Sub-Saharan Africa,Lower middle income,926.21,3260330.33,-0.61,-0.85,-0.74,-0.63,-0.51,-0.392105263,11.60470891,159130.1765,13.58519055,101.92,4077.0,863.16,1.92,51.48,33.0,61.38,241.4,148.0,49.0,2.28,2.0
112,112,Mauritius,MUS,Sub-Saharan Africa,Upper middle income,6610.45,1227072.38,0.35,0.86,0.93,0.73,0.72,0.914736842,16.33714586,5496.157895,12.35547615,16.28,7765.0,7.95,3.76,93.69,14.4,72.68,212.29,20.0,81.67,2.55,6.0
113,113,Mexico,MEX,Latin America & Caribbean,Upper middle income,8281.52,109469510.33,-0.42,0.13,-0.49,0.2,0.32,-0.575789474,19.3231411,271039.1579,4.4353809360000005,20.48,641287.9048,1373.16,1.84,88.26,8.4,75.57,154.99,54.0,52.75,3.04,9.17
114,114,"Micronesia, Fed. Sts.",FSM,East Asia & Pacific,Lower middle income,2524.88,106517.62,-0.02,1.04,0.17,-0.54,-0.64,1.089333333,13.6874965,2100.5,,44.26,,3.79,6.92,83.2,17.25,68.17,188.49,160.0,,,10.0
115,115,Moldova,MDA,Europe & Central Asia,Lower middle income,1353.97,3590936.43,-0.72,-0.18,-0.38,-0.6,-0.2,-0.189473684,18.56937016,13469.4375,5.260095233,21.95,29076.05,17.53,5.22,87.52,15.44,68.87,289.97,47.0,20.1,2.5,8.0
116,116,Monaco,MCO,Europe & Central Asia,High income,135242.93,34662.43,,0.95,0.89,,,1.0759999999999998,,,,4.36,348.5714286000001,,,100.0,,,,,,,
117,117,Mongolia,MNG,East Asia & Pacific,Lower middle income,1971.25,2646822.9,-0.44,0.25,-0.17,-0.41,-0.25,0.708947368,14.01933694,14271.47368,5.735857135,39.79,15780.933330000002,53.63,5.14,65.54,15.75,65.89,317.89,74.0,10.7,2.29,6.33
118,118,Montenegro,MNE,Europe & Central Asia,Upper middle income,5359.11,615302.57,-0.18,0.09,-0.05,0.09,0.0,0.386666667,,1435.625,26.56838135,9.2,,1.0,5.9,95.7,15.15,74.73,154.85,50.0,69.54,2.53,12.0
119,119,Morocco,MAR,Middle East & North Africa,Lower middle income,2273.63,31387123.0,-0.24,-0.62,-0.11,-0.12,-0.16,-0.35157894700000003,21.43648291,582402.6111,11.08304769,37.83,100153.3333,1174.74,5.22,88.36,12.78,72.2,120.23,60.0,59.03,2.69,2.0
120,120,Mozambique,MOZ,Sub-Saharan Africa,Low income,407.2,21941102.24,-0.57,-0.18,-0.71,-0.57,-0.47,0.017894737,18.13239138,1003745.471,2.737619071,125.35,20489.46154,6710.53,3.34,40.65,58.31,52.73,426.15,135.0,46.87,2.37,1.0
121,121,Myanmar,MMR,East Asia & Pacific,Lower middle income,696.32,49499013.71,-1.32,-1.8,-1.44,-1.37,-1.84,-1.145789474,7.7757651810000015,397583.0,1.202095242,73.16,88984.66667,2715.79,9.56,79.22,41.29,64.18,249.43,171.0,85.0,2.25,2.0
122,122,Namibia,NAM,Sub-Saharan Africa,Upper middle income,3870.4,2025885.43,0.36,0.4,0.2,0.15,0.11,0.703157895,21.12646458,42702.625,23.08266649,62.23,6192.166667,211.58,4.04,56.37,74.13,57.89,450.0,107.0,40.27,2.45,5.0
123,123,Nauru,NRU,East Asia & Pacific,Upper middle income,7031.4,10617.86,-0.33,0.96,0.37,-0.54,-1.02,0.984,,252.5,,38.79,35.0,,,65.64,,,,,,,
124,124,Nepal,NPL,South Asia,Low income,455.88,25770628.33,-0.69,-0.55,-0.62,-0.77,-0.62,-1.357368421,19.68861628,445246.75,1.383523799,58.78,80100.6,2984.21,10.48,47.02,25.44,66.11,216.23,110.0,6.0,2.27,7.33
125,125,Netherlands,NLD,Europe & Central Asia,High income,41759.75,16410271.38,2.06,1.55,1.81,1.87,1.82,1.107368421,11.71452549,3825.0,5.014761913,5.06,109229.3125,19.74,7.38,97.5,6.34,79.82,83.03,36.0,4.3,4.1,2.0
126,126,New Zealand,NZL,East Asia & Pacific,High income,28404.61,4214995.24,2.29,1.56,1.89,1.78,1.83,1.344736842,16.13729117,6676.5,5.7848571139999985,6.53,33786.45456000001,7.63,6.56,100.0,4.09,79.98,95.54,1.0,1.0,3.57,12.0
127,127,Nicaragua,NIC,Latin America & Caribbean,Lower middle income,1387.08,5600130.9,-0.73,-0.3,-0.71,-0.79,-0.37,-0.251052632,,40826.9,6.807571434,28.55,12856.3,238.42,6.42,79.46,31.75,72.42,218.88,132.0,91.0,2.48,1.17
128,128,Niger,NER,Sub-Saharan Africa,Low income,284.58,15131422.86,-0.75,-0.44,-0.61,-0.75,-0.6,-0.68,17.53945182,1262364.211,0.953142853,157.56,10567.41176,5094.74,3.48,34.62,19.81,54.53,287.39,143.0,34.47,2.43,6.0
129,129,Nigeria,NGA,Sub-Saharan Africa,Lower middle income,1600.46,148549958.14,-1.16,-0.71,-1.16,-1.03,-0.89,-1.782631579,,7357753.667,4.001095215,147.85,197620.8182,57947.37,10.14,39.0,24.27,49.43,402.41,146.0,92.03,2.58,7.0
130,130,Norway,NOR,Europe & Central Asia,High income,67602.81,4779337.95,2.13,1.61,1.95,1.91,1.48,1.3,16.02628728,5491.105263,3.462476219,3.78,51154.59961000001,3.63,8.42,98.0,7.25,80.35,89.37,7.0,2.6,3.82,5.0
131,131,Oman,OMN,Middle East & North Africa,High income,13763.24,2993212.38,0.42,-0.96,0.47,0.33,0.49,0.81,10.8044373,34809.53846,9.769380978,13.45,15763.0,11.89,0.9,96.35,17.98,74.51,133.45,78.0,16.0,2.98,1.0
132,132,Pakistan,PAK,South Asia,Lower middle income,860.79,168525321.71,-0.95,-0.86,-0.82,-0.61,-0.64,-2.1084210530000003,12.32563299,6100607.5,1.461666668,97.16,449120.1111,11826.32,3.52,70.65,19.33,64.38,191.31,136.0,154.52,2.75,2.0
133,133,Palau,PLW,East Asia & Pacific,High income,11076.21,18582.95,-0.47,1.18,0.73,-0.55,-0.77,1.084666667,14.93663979,10.5,,21.67,147.5,,,97.24,27.81,69.81,,133.0,14.0,,10.0
134,134,Panama,PAN,Latin America & Caribbean,High income,7435.63,3463088.19,-0.31,0.52,-0.1,0.15,0.42,0.096315789,16.50849554,19173.625,4.895999988,21.9,18112.1875,66.21,1.48,80.78,10.88,76.32,157.96,79.0,32.43,3.07,6.83
135,135,Papua New Guinea,PNG,East Asia & Pacific,Lower middle income,1513.01,6870509.24,-0.96,-0.04,-0.86,-0.64,-0.59,-0.59,,310521.0,1.578476179,69.35,11519.0,551.58,3.52,55.24,50.13,63.68,281.84,108.0,72.0,2.42,6.0
136,136,Paraguay,PRY,Latin America & Caribbean,Upper middle income,3324.28,5971305.57,-1.06,-0.21,-0.87,-0.92,-0.5,-0.599473684,,52905.07143,7.992666653,28.53,37839.625,212.63,6.5,93.35,44.19,71.55,179.02,113.0,46.0,2.63,1.17
137,137,Peru,PER,Latin America & Caribbean,Upper middle income,3957.47,28307826.62,-0.33,0.02,-0.59,-0.27,0.36,-0.804210526,15.15249284,54339.8125,4.510857162,26.83,152899.4762,688.95,2.68,79.13,57.5,72.66,170.32,68.0,16.8,2.85,7.0
138,138,Philippines,PHL,East Asia & Pacific,Lower middle income,1765.14,89278205.33,-0.57,0.07,-0.39,-0.03,-0.07,-1.246315789,14.22373748,1156692.923,3.803761868,33.82,189949.5,2894.74,1.8,77.16,39.0,67.99,267.99,124.0,35.0,2.94,1.0
139,139,Poland,POL,Europe & Central Asia,High income,9303.66,38188303.62,0.53,0.99,0.65,0.6,0.86,0.7126315790000001,11.57667663,136364.0,12.79238086,7.22,285627.2857,22.05,4.78,95.98,43.19,75.46,198.7,33.0,115.27,3.37,7.0
140,140,Portugal,PRT,Europe & Central Asia,High income,18098.6,10413553.76,1.08,1.24,1.14,1.1,1.0,1.005263158,10.95629888,8307.272727,9.427047707,5.07,88176.44443999998,12.32,5.54,98.92,18.31,78.54,134.6,34.0,24.07,3.44,2.0
141,141,Puerto Rico,PRI,Latin America & Caribbean,High income,22647.12,3701184.29,0.61,0.87,0.75,0.65,1.02,0.432105263,,48957.66667,10.46338095,,19076.42857,9.26,,,6.41,78.0,171.27,64.0,193.17,,11.33
142,142,Qatar,QAT,Middle East & North Africa,High income,52050.52,1427041.43,0.82,-0.89,0.63,0.68,0.43,1.007368421,11.87481561,2733.176471,2.6523809380000003,10.22,6675.222222,3.0,0.92,,8.33,77.04,71.41,83.0,12.0,3.27,1.0
143,143,Russian Federation,RUS,Europe & Central Asia,Upper middle income,7399.8,144455704.52,-0.96,-0.78,-0.85,-0.39,-0.36,-0.995789474,10.88084803,219490.0,7.422142892,13.43,1200944.667,603.16,12.86,93.84,10.97,67.98,401.46,31.0,16.83,2.57,6.67
144,144,Rwanda,RWA,Sub-Saharan Africa,Low income,447.95,9379737.29,0.03,-1.3,-0.55,-0.33,-0.44,-0.7094736840000001,16.15193147,203741.3333,0.8151904740000001,105.85,16393.125,2126.32,6.5,57.33,10.06,57.36,335.88,29.0,144.27,2.37,10.0
145,145,Samoa,WSM,East Asia & Pacific,Upper middle income,2849.42,182864.52,0.17,0.63,0.81,0.28,-0.12,1.1163157890000002,12.66434177,1152.0,7.117571467,19.81,1060.111111,3.89,2.44,98.98,19.63,71.87,181.49,90.0,68.6,,6.33
146,146,San Marino,SMR,Europe & Central Asia,High income,59009.56,30132.29,,1.21,0.89,,,1.084666667,10.71082497,116.6666667,,4.17,160.0,,,,24.0,85.42,,88.0,42.5,,1.0
147,147,Saudi Arabia,SAU,Middle East & North Africa,High income,15473.48,25606536.52,-0.05,-1.71,0.08,-0.09,0.01,-0.317368421,20.13017793,109392.0,15.05052367,15.35,281576.5,104.53,1.34,,35.93,73.29,111.28,92.0,6.67,3.14,1.0
148,148,Senegal,SEN,Sub-Saharan Africa,Lower middle income,1043.76,11908484.57,-0.2,0.08,-0.16,-0.31,-0.2,-0.272105263,20.21299934,623668.6471,10.24761911,88.06,31816.66667,1894.74,3.58,62.53,22.56,62.1,254.31,141.0,108.4,2.53,6.0
149,149,Serbia,SRB,Europe & Central Asia,Upper middle income,4471.27,7345882.14,-0.5,-0.02,-0.58,-0.26,-0.32,-0.508947368,9.631977717,6842.909091,19.12771434,9.23,62317.27273,16.74,9.62,97.82,19.22,73.8,171.37,48.0,64.07,2.7,6.0
150,150,Seychelles,SYC,Sub-Saharan Africa,High income,10803.07,85971.1,0.43,0.09,0.16,0.24,-0.4,0.812105263,10.19774895,546.0,,14.06,587.95,,2.48,,32.57,72.84,250.74,96.0,33.0,,2.0
151,151,Sierra Leone,SLE,Sub-Saharan Africa,Low income,367.47,5883391.67,-0.87,-0.41,-1.01,-1.24,-1.0,-0.556315789,16.18623376,50009.0,2.877238115,183.62,17619.16667,4168.42,8.2,22.22,15.81,45.05,472.49,163.0,123.4,2.01,5.0
152,152,Singapore,SGP,East Asia & Pacific,High income,38238.92,4694489.95,2.17,-0.08,1.61,2.15,1.97,1.222631579,19.49687072,,4.636047658,3.17,14069.75,7.21,7.1,100.0,3.78,80.29,82.05,2.0,13.47,4.11,8.0
153,153,Slovak Republic,SVK,Europe & Central Asia,High income,12440.58,5393779.33,0.25,0.91,0.47,0.78,0.93,0.929473684,9.499797848,,14.54733322,7.91,48563.44444,3.68,3.98,99.39,37.16,74.71,195.52,42.0,16.93,3.16,7.0
154,154,Slovenia,SVN,Europe & Central Asia,High income,18493.37,2022896.1,0.92,1.07,1.01,0.99,0.79,1.043157895,12.55794729,2349.894737,7.497476214,4.0,15711.3,2.0,10.6,99.13,24.38,78.18,143.56,40.0,200.9,3.17,3.0
155,155,Solomon Islands,SLB,East Asia & Pacific,Lower middle income,1359.37,497809.14,-0.28,0.2,-0.5,-1.1,-1.22,0.264736842,17.67330055,21369.16667,1.896095242,26.88,1591.833333,26.53,4.24,68.79,33.88,66.75,207.04,115.0,172.27,2.36,10.0
156,156,Somalia,SOM,Sub-Saharan Africa,Low income,487.82,11134830.81,-1.62,-1.89,-2.31,-2.15,-2.32,-2.691052632,,,16.22419058,160.57,,3673.68,3.1,39.19,70.0,53.04,362.98,190.0,188.0,1.76,0.0
157,157,South Africa,ZAF,Sub-Saharan Africa,Upper middle income,5090.03,49539814.57,0.26,0.66,0.13,0.51,0.47,-0.139473684,19.04069104,546795.4444,32.04804729,64.75,159970.2857,1280.53,5.24,73.08,47.69,56.91,491.31,82.0,23.0,3.57,5.0
158,158,South Sudan,SSD,Sub-Saharan Africa,Low income,1287.48,8331007.19,-1.45,-1.53,-1.7,-2.03,-1.69,-2.032857143,2.74958835,1154683.5,14.27957144,135.56,5974.0,3584.21,2.86,23.39,13.71,52.38,378.17,185.0,48.0,,2.0
159,159,Spain,ESP,Europe & Central Asia,High income,24611.49,44139842.33,1.07,1.15,1.16,1.27,1.13,0.044736842,10.45367071,10139.44444,19.42590482,4.4,283456.2222,22.63,4.1,99.88,49.28,80.96,100.46,30.0,14.6,3.66,5.0
160,160,Sri Lanka,LKA,South Asia,Upper middle income,2042.69,19824651.86,-0.26,-0.33,0.05,-0.17,-0.09,-0.975263158,10.94721594,52071.06667,10.01200002,13.92,150290.5,150.95,8.74,89.26,29.19,73.38,216.1,100.0,60.8,2.53,2.0
161,161,St. Kitts and Nevis,KNA,Latin America & Caribbean,High income,13685.29,47556.33,0.65,1.03,0.65,0.37,0.48,0.946666667,12.1006937,,,17.32,437.3125,,,,18.79,70.69,243.0,140.0,112.43,,5.0
162,162,St. Lucia,LCA,Latin America & Caribbean,Upper middle income,6928.82,167449.19,0.78,1.09,0.71,0.38,0.46,0.862105263,18.04714447,1345.875,22.36600013,18.08,910.0,1.74,1.62,80.12,14.14,73.46,183.68,93.0,17.0,,5.0
163,163,St. Vincent and the Grenadines,VCT,Latin America & Caribbean,Upper middle income,5345.09,108447.95,0.7,1.02,0.73,0.41,0.45,0.905263158,21.95837238,302.64285710000007,18.08661906,20.79,611.125,1.21,1.26,,10.64,71.75,196.25,130.0,39.93,,5.0
164,164,Sudan,SDN,Sub-Saharan Africa,Lower middle income,1177.51,32580980.86,-1.29,-1.73,-1.39,-1.3,-1.38,-2.235789474,8.929368837,2552516.6,22.46390479,85.86,,5142.11,3.98,47.38,37.03,61.23,286.39,162.0,11.0,2.34,3.33
165,165,Suriname,SUR,Latin America & Caribbean,Upper middle income,5129.35,511789.57,-0.04,0.37,-0.11,-0.22,-0.57,0.22,,6492.636364,14.94247609,27.8,3608.916667,21.16,11.26,88.94,435.86,69.48,243.69,165.0,135.14,,2.0
166,166,Sweden,SWE,Europe & Central Asia,High income,44455.37,9257104.24,2.21,1.57,1.92,1.94,1.65,1.218421053,13.48380783,8672.833333,6.921571436,3.45,71379.45,5.11,10.5,99.25,13.75,80.88,77.9,12.0,14.07,4.04,6.0
167,167,Switzerland,CHE,Europe & Central Asia,High income,62164.44,7654942.38,2.08,1.53,1.88,1.97,1.68,1.335263158,15.50204558,3171.0,4.429523898999999,4.94,64574.5,4.84,13.02,99.9,15.63,81.53,81.16,38.0,16.0,3.92,6.0
168,168,Syrian Arab Republic,SYR,Middle East & North Africa,Low income,1297.44,18341423.62,-1.11,-1.72,-0.92,-1.06,-1.27,-1.152631579,18.46102238,88429.2,21.26552382,19.42,61333.0,307.37,0.76,95.8,23.56,72.42,201.16,179.0,26.93,2.22,1.0
169,169,Tajikistan,TJK,Europe & Central Asia,Low income,531.97,7190980.48,-1.2,-1.41,-1.24,-1.08,-1.11,-1.151052632,14.12672931,21835.4375,11.46614297,58.61,57157.92307999999,103.74,1.42,93.16,34.21,68.18,188.66,126.0,36.86,2.23,1.0
170,170,Tanzania,TZA,Sub-Saharan Africa,Low income,618.86,41478885.76,-0.6,-0.3,-0.38,-0.54,-0.43,-0.375263158,16.96379395,1884945.0,3.441904795,92.13,80234.5,10652.63,3.3,24.36,31.16,57.98,386.91,144.0,70.73,2.53,5.0
171,171,Thailand,THA,East Asia & Pacific,Upper middle income,3917.41,65793964.71,-0.32,-0.32,0.04,0.29,0.23,-0.701578947,20.44656125,93314.75,1.273428568,16.17,222649.3,198.42,6.56,93.8,29.13,72.83,229.69,27.0,9.0,3.29,4.33
172,172,Togo,TGO,Sub-Saharan Africa,Low income,461.37,5996481.71,-0.89,-0.99,-0.86,-1.28,-0.78,-0.357368421,20.39052371,89645.38462000003,1.60895238,99.87,11622.75,952.63,6.38,26.32,45.53,56.29,326.37,137.0,278.87,2.47,6.0
173,173,Tonga,TON,East Asia & Pacific,Upper middle income,3042.46,100756.0,-0.54,0.22,0.16,-0.42,-0.67,0.685333333,19.55392694,414.3,3.491571421,17.09,1055.076923,3.37,2.88,97.96,22.69,71.77,177.61,91.0,112.0,,10.0
174,174,Trinidad and Tobago,TTO,Latin America & Caribbean,High income,12854.53,1313104.33,-0.02,0.57,0.03,0.27,0.48,0.053157895,12.04014002,5615.25,3.909904787,31.21,,12.32,5.3,,32.0,69.4,231.49,105.0,95.0,2.4,6.83
175,175,Tunisia,TUN,Middle East & North Africa,Lower middle income,3299.86,10360480.0,-0.13,-0.66,-0.06,0.25,-0.12,-0.211052632,25.18243154,21173.375,18.87580953,22.49,72375.58333,134.21,2.24,96.32,11.75,74.31,127.53,80.0,40.6,2.76,3.0
176,176,Turkey,TUR,Europe & Central Asia,Upper middle income,7830.98,70032727.14,-0.08,-0.22,0.01,0.16,0.26,-1.068421053,9.459882975,252105.5556,10.07966673,26.04,465933.6,660.53,3.32,94.31,12.13,72.79,165.86,43.0,6.6,3.36,3.17
177,177,Turkmenistan,TKM,Europe & Central Asia,Upper middle income,3327.38,4952854.33,-1.38,-2.04,-1.47,-1.33,-1.97,0.139473684,20.79550934,,4.703809511,66.07,,56.79,3.86,94.15,,65.62,275.97,,,2.34,
178,178,Tuvalu,TUV,East Asia & Pacific,Upper middle income,2441.7,10217.81,-0.07,0.91,0.85,-0.55,-0.65,1.327333333,,4.0,,34.6,171.5,,,93.09,,,,,,,
179,179,Uganda,UGA,Sub-Saharan Africa,Low income,446.77,30123768.38,-0.91,-0.64,-0.44,-0.51,-0.14,-1.064736842,12.39748697,733645.25,3.11976191,99.95,52204.6,6589.47,10.1,28.43,28.75,53.65,464.51,127.0,53.93,2.78,5.0
180,180,Ukraine,UKR,Europe & Central Asia,Lower middle income,2097.46,47017779.19,-0.97,-0.21,-0.81,-0.64,-0.53,-0.573157895,13.36627446,152313.8462,8.066761948,13.88,356874.2,134.21,8.9,97.25,23.53,69.27,358.82,71.0,74.73,2.74,8.0
181,181,United Arab Emirates,ARE,Middle East & North Africa,High income,36217.96,6208204.52,0.9,-0.85,0.56,1.0,0.73,0.846842105,,28186.142860000004,5.090999967,9.66,46237.0,4.84,0.84,99.98,13.11,75.66,95.41,11.0,6.93,3.72,2.67
182,182,United Kingdom,GBR,Europe & Central Asia,High income,37569.06,61638510.33,1.84,1.33,1.71,1.68,1.78,0.486315789,12.95957671,28050.61111,5.336619058999999,5.62,384221.0646,80.84,4.42,99.04,9.38,79.43,97.64,9.0,30.03,3.98,7.0
183,183,United States,USA,North America,High income,44913.44,300447599.95,1.48,1.19,1.59,1.58,1.51,0.481578947,13.32443581,1484972.8,5.691523824,7.7,1631913.822,537.37,6.1,99.99,5.7,77.78,139.04,8.0,15.2,3.91,11.0
184,184,Uruguay,URY,Latin America & Caribbean,High income,9678.86,3348776.9,1.19,1.04,0.62,0.5,0.48,0.843157895,9.330257595,6823.4,12.67161914,13.1,21515.81818,12.47,7.42,95.22,27.75,76.03,150.47,95.0,66.0,2.78,4.0
185,185,Uzbekistan,UZB,Europe & Central Asia,Lower middle income,1146.72,27483542.86,-1.17,-1.93,-1.28,-0.92,-1.61,-0.904736842,21.65683746,140052.3333,7.189952374,44.45,344439.3684,226.32,4.0,99.29,14.19,69.05,214.42,76.0,57.27,2.44,4.33
186,186,Vanuatu,VUT,East Asia & Pacific,Lower middle income,2236.17,223204.81,0.1,0.53,0.31,-0.5,-0.51,1.018947368,25.83602983,894.4444444000002,6.708142848,28.82,633.75,7.16,2.88,61.43,37.56,69.64,181.04,94.0,140.0,,10.5
187,187,"Venezuela, RB",VEN,Latin America & Caribbean,Upper middle income,7702.89,27018507.81,-1.14,-0.7,-1.51,-1.06,-1.26,-1.088947368,,285314.9412,11.32719042,20.61,,566.84,1.62,95.25,161.63,73.26,206.45,188.0,48.53,2.6,1.0
188,188,Vietnam,VNM,East Asia & Pacific,Lower middle income,1069.03,85669726.43,-0.57,-1.4,-0.43,-0.26,-0.6,0.257894737,17.58658377,276253.0,1.928000013,25.32,236261.0,980.0,3.62,86.58,35.06,74.57,194.14,69.0,59.9,3.0,7.33
189,189,Virgin Islands (U.S.),VIR,Latin America & Caribbean,High income,37117.0,108256.76,0.75,0.81,0.82,1.2,0.74,0.700714286,,,9.786238035,,714.0,,,,,77.83,89.45,,,,
190,190,"Yemen, Rep.",YEM,Middle East & North Africa,Low income,950.87,21525555.81,-1.12,-1.2,-1.27,-1.09,-0.79,-1.971052632,24.43326664,931142.5556,16.05114297,71.92,48045.0,3263.16,5.26,86.5,41.31,62.48,263.34,187.0,19.0,2.49,0.0
191,191,Zambia,ZMB,Sub-Saharan Africa,Lower middle income,988.94,12790731.67,-0.51,-0.27,-0.41,-0.75,-0.48,0.251578947,7.709410000000001,436662.4,10.59833345,109.56,,1968.42,3.8,49.95,20.22,52.61,500.43,87.0,52.07,2.39,8.33
192,192,Zimbabwe,ZWE,Sub-Saharan Africa,Lower middle income,837.7,12576450.0,-1.22,-1.33,-1.54,-1.13,-1.8,-0.960526316,24.2849896,340324.625,5.178619112,87.14,34936.25,2426.32,6.0,53.77,88.38,50.82,594.98,155.0,32.87,2.32,5.0
