Country,Code,2005,2006,2007,2008,2009,2010,2011,2012,2013,2014,2015,2016,2017,mean
Aruba,ABW,23300.03956,24045.27248,25835.13267,27084.70369,24630.45371,23512.6026,24985.99328,24713.69805,25025.09956,25533.56978,25796.38025,25239.60041,25630.26649,25025.60096
Afghanistan,AFG,242.0313792,263.7337347,359.69348,364.6604654,438.0760344,543.3030419,591.1623465,641.8720338,637.1650439,613.8563329,578.4663529,547.2281102,556.3021385,490.5808073
Angola,AGO,1902.422346,2599.566464,3121.995637,4080.94141,3122.780766,3587.883798,4615.468028,5100.095808,5254.882338,5408.410496,4166.979684,3506.072885,4095.812942,3889.485585
Albania,ALB,2673.787283,2972.743265,3595.037163,4370.539925,4114.134899,4094.358816,4437.177794,4247.614342,4413.082887,4578.667934,3952.830781,4124.108543,4532.889198,4008.228679
Andorra,AND,41282.02012,43747.69185,48582.22088,47785.08927,43338.86676,39736.35406,41100.72994,38392.9439,40626.75163,42300.33413,36039.6535,37224.10892,39134.39337,41483.93526
Arab World,ARB,3762.767087,4356.152316,4959.91501,6143.170152,5182.363881,5945.678558,6889.091806,7503.174184,7551.282834,7497.726925,6458.702258,6202.690406,6284.737723,6056.727165
United Arab Emirates,ARE,39365.33592,41907.40566,41809.51638,44498.93423,32024.1816,33893.30351,39194.67662,40976.49971,42412.63028,43751.83889,38663.38381,38141.84676,40325.382,39766.53349
Argentina,ARG,5109.851325,5919.012037,7245.448317,9020.873098,8225.137176,10385.96443,12848.8642,13082.66433,13080.25473,12334.79825,13789.06042,12790.24247,14591.86338,10648.00263
Armenia,ARM,1643.753029,2158.143697,3139.277499,4010.857243,2994.342544,3218.372707,3525.804747,3681.857456,3838.185801,3986.231624,3607.296697,3591.829276,3914.501268,3331.573353
American Samoa,ASM,8444.9817,8391.561067,8909.449156,9792.666806,11961.25823,10271.22452,10294.30227,11568.793,11505.39371,11525.15639,11843.33118,11714.89568,11398.77742,10586.29163
Antigua and Barbuda,ATG,12547.61304,13989.71567,15607.08987,16024.34555,14113.07726,13092.07382,12795.56907,13399.23795,13035.09364,13780.78237,14526.58808,15494.30547,15824.66781,14171.55074
Australia,AUS,33999.24286,36044.92281,40960.05449,49601.65671,42772.35917,52022.1256,62517.83375,68012.1479,68150.10704,62510.79117,56748.42026,50019.96777,54093.60219,52111.78706
Austria,AUT,38403.13388,40635.28182,46855.77175,51708.76575,47963.1794,46858.04327,51374.95841,48567.69529,50716.70871,51717.49594,44176.67174,45103.32981,47380.82964,47035.52811
Azerbaijan,AZE,1578.40239,2473.081819,3851.437869,5574.603802,4950.294791,5842.805784,7189.691229,7496.294648,7875.756953,7891.313147,5500.320497,3880.738731,4147.089716,5250.140875
Burundi,BDI,151.6814634,167.3764845,172.4958599,198.3529006,212.1368804,234.2356469,249.5779794,252.3589799,256.9760028,274.8579479,305.5497728,282.1496815,293.009062,234.6737432
Belgium,BEL,36967.25918,38852.37293,44403.7669,48424.5756,44880.57302,44380.17663,47743.78053,44826.43961,46680.38982,47355.31201,40441.05204,41449.09736,43507.2382,43839.38722
Benin,BEN,601.799977,625.8300158,706.0533749,820.1508783,793.4522526,757.6959074,825.9403409,837.9429209,915.3156212,943.6746492,783.9630778,788.5491965,827.4298101,786.753694
Burkina Faso,BFA,406.9988071,420.5825537,475.1100122,569.7613172,552.7455886,575.4464527,666.8401198,673.8215984,699.7794056,703.8200556,575.3144542,583.8326203,642.0404265,580.468724
Bangladesh,BGD,499.4619402,509.6401429,558.0518603,634.9870565,702.26441,781.1535936,861.7584443,883.1050005,981.8398792,1118.853663,1248.453398,1401.620628,1563.994082,903.4756999
Bulgaria,BGR,3869.529455,4490.201777,5885.949252,7261.754492,6969.558557,6843.26695,7813.806692,7378.02473,7646.839866,7864.760672,6993.783483,7469.455638,8228.01157,6824.226395
Bahrain,BHR,17959.25933,19307.91491,20976.54353,23066.5099,19355.90467,20722.13729,22514.23795,23654.35139,24744.35763,24989.40012,22688.9444,22619.11667,23715.48275,22024.1662
"Bahamas, The",BHS,30278.36692,30713.70528,31472.09897,30627.23863,28552.19048,28443.40766,28006.37972,29485.62093,28944.78822,29563.74635,31512.85655,31325.29483,31857.89015,30060.27575
Bosnia and Herzegovina,BIH,2980.602109,3416.510596,4193.373652,5090.932345,4714.702495,4635.517779,5092.551943,4778.636088,5131.394506,5329.635045,4727.277546,4994.68314,5394.59122,4652.339113
Belarus,BLR,3125.810535,3847.434124,4735.657608,6377.369732,5351.355382,6181.399916,6519.230195,6940.159254,7978.872615,8318.51269,5949.106307,5022.626643,5761.74712,5854.560163
Belize,BLZ,3926.013742,4178.925373,4315.834964,4460.634144,4243.433284,4331.434517,4501.602637,4626.709615,4652.509003,4790.941262,4883.179011,4904.034338,4956.808039,4520.927687
Bermuda,BMU,75882.03386,83912.6978,90849.58698,93605.74817,88463.31282,88207.32756,85973.15842,85458.45551,85748.06541,,,,,86455.5985
Bolivia,BOL,1034.31124,1218.874459,1372.628225,1715.208922,1754.211061,1955.461557,2346.33717,2609.880819,2908.200085,3081.878834,3035.972215,3076.658949,3351.124053,2266.211353
Brazil,BRA,4790.437088,5886.463588,7348.030794,8831.023117,8597.915352,11286.24302,13245.61553,12370.0242,12300.32258,12112.5903,8814.000987,8712.887044,9880.946543,9552.038473
Barbados,BRB,14104.14623,15051.69798,16764.44205,17081.86579,15936.98418,16056.01653,16470.3679,16412.9362,16224.28736,16179.58396,16066.4718,15847.14272,16327.60723,16040.27307
Brunei Darussalam,BRN,26105.27903,30979.87917,32663.56659,37934.37651,27955.71386,35269.55311,47055.84112,47741.90647,44740.08502,41726.78397,31164.56203,27157.34623,28572.10942,35312.84635
Bhutan,BTN,1262.247445,1365.558061,1798.96974,1873.59735,1864.536803,2312.860096,2625.433256,2599.396094,2532.015642,2749.352665,2829.891245,3012.961401,3390.714075,2324.425683
Botswana,BWA,5520.12472,5516.03921,5832.733942,5713.534983,5255.768461,6434.815657,7617.325094,7877.79035,7224.965172,7780.638385,6799.875234,7243.856017,7893.675933,6670.087935
Central African Republic,CAF,331.1629242,354.6713801,404.373965,464.5614221,474.7054087,487.9453833,551.0280576,565.8330584,382.3403002,426.6845621,380.4042935,406.5319611,471.6032278,438.6035342
Canada,CAN,36266.18712,40385.86996,44543.04104,46594.45095,40773.06153,47450.31847,52101.79609,52542.34666,52504.6557,50835.51118,43495.05439,42279.90082,45069.92725,45757.08624
Central Europe and the Baltics,CEB,8345.535179,9462.540507,12000.1004,14574.07439,12288.02491,12567.405,13872.61541,12998.66527,13710.08062,14152.39383,12467.45018,12773.78384,14167.6491,12567.71682
Switzerland,CHE,54952.67372,57579.50195,63555.2375,72487.84593,69927.46877,74605.72102,88415.62806,83538.23008,85112.4644,86605.56338,82081.59712,80037.50304,80333.44494,75325.60615
Channel Islands,CHI,58197.44938,63239.65383,74462.64675,,,,,,,,,,,65299.91665
Chile,CHL,7598.525121,9464.550243,10502.35452,10751.47967,10208.90676,12808.03459,14637.24024,15351.55133,15842.94009,14670.99718,13574.1715,13748.0884,15037.35011,12630.47613
China,CHN,1753.417829,2099.229435,2693.969827,3468.304463,3832.235952,4550.453596,5618.132491,6316.918863,7050.64592,7651.366044,8033.388043,8078.790474,8759.041578,5377.376501
Cote d'Ivoire,CIV,930.8297425,949.1318153,1061.154064,1235.613488,1210.29545,1211.930285,1207.001398,1243.344509,1415.469277,1559.386652,1426.457845,1481.652305,1557.182948,1268.419214
Cameroon,CMR,1011.880073,1062.137433,1194.06985,1371.746708,1314.706015,1285.261726,1403.255638,1354.623087,1465.222327,1540.568182,1326.969277,1363.403851,1421.587492,1316.571666
"Congo, Dem. Rep.",COD,218.3861908,255.4330838,286.3304921,327.5637218,298.6196821,334.0215726,387.0824654,424.6003861,457.9637283,486.7870819,497.3169608,471.3188404,467.0742375,377.8844957
"Congo, Rep.",COG,1680.204588,2064.344523,2165.745759,2956.264407,2314.266025,2809.694957,3282.393455,3032.667329,3047.064589,2992.931349,1761.32357,1814.063418,1702.571349,2432.57964
Colombia,COL,3404.190199,3731.168489,4703.213157,5461.780726,5195.393376,6326.549469,7324.383286,8042.529769,8212.667829,8114.084264,6175.87603,5871.223524,6375.932063,6072.230168
Comoros,COM,1068.600321,1113.957757,1238.461514,1387.594626,1339.337191,1315.214806,1446.068018,1403.428519,1504.920859,1511.816083,1271.057042,1287.420965,1312.366174,1323.095683
Cabo Verde,CPV,2099.157484,2361.385134,3186.826892,3721.250949,3517.401245,3378.25486,3738.201166,3467.472684,3615.979041,3588.674054,3043.013984,3130.963385,3295.341106,3241.840153
Costa Rica,CRI,4654.824822,5201.514095,6071.789243,6859.079202,6760.478026,8141.913599,9121.931798,9913.210708,10490.08065,10547.15185,11299.13618,11666.45661,11752.5436,8652.316183
Caribbean small states,CSS,7249.137311,8038.465554,8913.062335,10046.08051,8400.749567,9075.706457,9743.619786,10007.37115,10090.02734,10149.19712,9916.666674,9242.035178,9442.912794,9255.002444
Cuba,CUB,3786.664793,4683.566155,5208.716073,5411.271418,5529.67036,5730.354775,6139.71933,6497.321113,6837.712892,7133.342095,7694.01192,8060.795886,8541.210673,6250.335191
Curacao,CUW,,,,,,,20146.38641,20587.39736,20462.71795,20258.00969,19951.3279,19555.36585,19457.53152,20059.81953
Cayman Islands,CYM,47014.32449,83322.78429,,,,,,,,,,,56334.21399,62223.77426
Cyprus,CYP,24959.26591,26729.32675,31244.92801,35391.04006,32105.86748,30818.47993,32233.64339,28984.94455,27942.30127,27407.15286,23217.48415,24019.13787,25760.7627,28524.17961
Czech Republic,CZE,13346.17639,15183.63605,18373.649,22698.85396,19741.59763,19808.07109,21717.45794,19729.87051,19916.01939,19744.55861,17715.61685,18463.38658,20379.89604,18986.06077
Germany,DEU,34696.62092,36447.87232,41814.8191,45699.19832,41732.70725,41785.55691,46810.32796,44065.24891,46530.91143,48142.8272,41394.65816,42443.46507,44681.08258,42788.0997
Djibouti,DJI,904.7297489,967.6686229,1052.725652,1223.856861,1267.312801,1343.26873,1451.54298,1559.240651,1499.767022,1619.05148,1787.4775,1898.87599,1953.903502,1425.340119
Dominica,DMA,5160.224314,5518.399108,5952.056669,6469.145738,6902.85717,6967.245314,7065.053067,6848.418067,7068.535745,7364.996522,7597.750446,8070.290917,6951.303542,6764.328971
Denmark,DNK,48799.82037,52026.99311,58487.04501,64322.06664,58163.29359,58041.41122,61753.66007,58507.50021,61191.19263,62548.98502,53254.85059,54467.10143,57218.85196,57598.67476
Dominican Republic,DOM,3970.32284,4134.683785,4729.664373,5105.580925,5051.465369,5568.046676,5891.159025,6107.977431,6236.104369,6499.149883,6691.71692,6957.564507,7222.554044,5705.076165
Algeria,DZA,3113.094651,3478.710436,3950.513605,4923.630818,3883.271127,4480.785777,5455.84231,5592.22191,5499.587764,5493.056772,4177.888966,3948.811897,4048.285258,4465.053945
East Asia & Pacific (excluding high income),EAP,1639.370561,1959.407618,2458.850426,3089.503619,3325.112351,4002.599653,4855.832973,5375.715573,5887.596083,6282.875322,6487.756902,6554.791243,7081.776379,4538.552977
Early-demographic dividend,EAR,1774.520024,2001.416401,2335.955204,2590.752842,2456.733986,2938.879732,3246.211837,3354.503243,3367.696207,3439.546743,3291.528607,3321.457299,3545.022221,2897.248027
East Asia & Pacific,EAS,4830.346116,5085.666323,5648.005295,6476.841334,6626.676146,7673.741646,8836.854594,9392.895426,9433.150535,9647.929555,9526.576304,9766.122869,10332.83226,7944.433723
Europe & Central Asia (excluding high income),ECA,4280.504347,5248.102405,6785.17075,8381.804782,6561.730129,7773.169715,9555.609269,10063.02679,10633.84328,9885.828581,7517.912478,7161.513553,7979.76034,7832.921263
Europe & Central Asia,ECS,19206.50034,20726.81185,24140.43877,26399.39016,23128.7249,23572.55878,26053.54178,25011.12438,26014.4141,26250.30265,22499.58775,22330.66314,23512.09436,23757.39638
Ecuador,ECU,3002.136867,3328.882972,3567.836438,4249.019262,4231.615798,4633.590358,5200.55579,5682.045007,6056.330827,6377.09153,6124.491643,6060.093329,6213.501276,4979.0147
"Egypt, Arab Rep.",EGY,1187.51969,1398.190624,1667.843721,2044.527855,2329.23948,2644.817039,2791.954962,3232.648892,3264.378787,3378.831358,3598.970948,3525.020165,2440.510173,2577.265669
Euro area,EMU,31985.37011,33802.30781,38724.62304,42255.31054,38511.18667,37635.92811,40639.33354,37635.49041,39143.06707,39885.06143,34411.25474,35180.74958,37034.08537,37449.52065
Eritrea,ERI,388.5951226,415.0365994,439.8326905,450.6328403,595.1099872,667.7441778,811.3760286,,,,,,,538.3324923
Spain,ESP,26510.71745,28482.60948,32709.40104,35579.30993,32334.00548,30736.62785,31835.2888,28563.85904,29211.77375,29623.16445,25817.38661,26622.29914,28208.26105,29710.36185
Estonia,EST,10338.31322,12595.41065,16586.4052,18094.54805,14726.31828,14638.60482,17454.84342,17421.89022,19072.23852,20247.1993,17412.44867,18228.05825,20200.37559,16693.58878
Ethiopia,ETH,162.4327265,194.6874305,244.2860372,326.4368267,380.5690479,341.5541149,354.4795758,467.0779272,499.5315721,566.9264665,639.3043597,716.8800387,768.0104163,435.5520415
European Union,EUU,29120.33001,30950.59855,35636.42061,38198.60294,34035.8239,33729.21161,36457.41238,34284.54308,35635.90833,36736.56623,32265.08171,32379.64746,33864.16606,34099.56253
Fragile and conflict affected situations,FCS,813.8781398,939.8486725,1128.064259,1424.770975,1296.213698,1510.916231,1611.6917,1812.548337,1843.283023,1820.538201,1604.237236,1505.74078,1645.144457,1458.221208
Finland,FIN,38969.17163,41120.67651,48288.5491,53401.31487,47107.15571,46202.41516,50790.72415,47415.55987,49638.07713,49914.61864,42494.65662,43493.41934,45804.65421,46510.84561
Fiji,FJI,3659.579329,3747.860716,4072.10157,4167.670285,3362.816555,3652.527437,4371.45751,4591.555784,4840.693716,5605.570356,5390.745258,5647.347365,6006.360622,4547.406654
France,FRA,34760.18777,36443.62344,41508.43399,45334.11444,41575.41875,40638.334,43790.73205,40874.70351,42592.93409,43008.64738,36613.37522,36962.22229,38679.12715,40213.98878
Faroe Islands,FRO,36205.37054,41522.54386,47885.69888,50866.0811,47447.87004,48530.23385,52083.88914,49459.71723,54853.6256,59440.03076,52404.65933,55822.91472,,49710.21959
"Micronesia, Fed. Sts.",FSM,2357.031537,2404.573365,2456.322048,2538.738495,2718.7832,2881.376141,3001.470275,3120.669627,2983.597983,2959.620647,2894.345011,2993.200563,3018.396899,2794.471215
Gabon,GAB,6888.627147,7214.914544,8447.078591,10212.81943,7690.052235,8840.730664,10795.50058,9814.038992,9680.824339,9650.574376,7381.746749,6979.709196,7212.535744,8523.780968
United Kingdom,GBR,41803.89138,44326.9146,50293.44055,46985.56797,38454.2265,39079.84261,41652.55709,42018.72546,42938.42518,46967.66814,44472.1517,40539.91961,39932.06029,43035.79931
Georgia,GEO,1642.775074,1996.057129,2635.353882,3324.735879,2822.651737,3073.524753,3842.618221,4249.670165,4341.435122,4438.687497,3756.383768,3857.281728,4045.41705,3386.660923
Ghana,GHA,491.9463779,911.9986756,1078.160509,1210.622257,1074.75538,1298.436952,1558.482133,1613.286837,2378.159512,1968.858263,1766.005701,1931.38947,2025.885857,1485.22984
Gibraltar,GIB,,,,,,,,,,,,,,#DIV/0!
Guinea,GIN,322.4156816,453.4035185,659.992723,715.0968204,674.0855502,672.4244026,651.1353635,717.0507379,769.0039433,787.2380702,769.2560137,733.0207588,821.6514609,672.7519265
"Gambia, The",GMB,404.3251037,411.6196713,487.1704917,571.7099709,517.525945,530.7876934,486.049535,477.7012604,696.1521248,622.054103,668.3812029,671.1052855,672.7805341,555.1817632
Guinea-Bissau,GNB,436.3020197,429.6222659,493.0704969,597.5763927,557.1716148,557.6321326,702.7428804,616.4116862,634.482446,622.4817167,603.1585129,661.0076549,736.7255662,588.3373374
Equatorial Guinea,GNQ,10963.28936,12857.33605,15908.39183,22942.58345,16667.93682,17272.00977,21613.54923,21712.39502,20384.92453,19368.23091,11278.92894,9244.051798,9738.434224,16150.15861
Greece,GRC,22551.73574,24801.15781,28827.32636,31997.28201,29710.9703,26917.75898,25916.29353,22242.68193,21874.8195,21760.9798,18167.77372,18116.45962,18883.46007,23982.20764
Grenada,GRD,6644.02496,6658.540847,7212.506822,7832.423352,7290.6971,7257.756622,7291.058897,7444.504768,7789.776381,8369.886755,9096.870646,9628.347487,10163.62985,7898.463422
Greenland,GRL,32489.78191,35458.12312,39780.95144,44367.05565,44918.56488,43988.33249,47186.98147,45936.76595,47535.58995,50484.92757,44536.40131,48295.56244,,43748.25318
Guatemala,GTM,2077.83438,2256.56505,2489.948385,2794.213788,2635.748748,2825.519029,3187.866203,3299.665605,3452.921679,3687.836951,3923.573344,4140.590064,4470.610798,3172.53031
Guam,GUM,26495.87758,26555.6452,27542.22617,29056.31429,30026.50321,30700.43401,30859.40435,32494.56236,33265.38119,34394.09748,35278.92594,35550.56428,35664.50168,31375.72598
Guyana,GUY,1105.496454,1954.133308,2331.200342,2566.887085,2756.819889,3033.247725,3425.436441,3788.146749,3934.865262,4031.600662,4166.134826,4542.622067,4586.054572,3247.895799
High income,HIC,33715.09539,35334.79881,38341.15999,40417.88874,37632.68438,39169.91218,42067.60655,41867.93103,42121.81948,42776.44942,40165.46132,40763.08586,42346.17325,39747.69742
"Hong Kong SAR, China",HKG,26649.7508,28224.21506,30594.01784,31515.66277,30697.34038,32549.99823,35142.48793,36730.8767,38403.77771,40315.28556,42431.88828,43734.24999,46220.50455,35631.54275
Honduras,HND,1296.694822,1420.133633,1572.064502,1727.829215,1777.271169,1891.157395,2073.903958,2129.521698,2088.097944,2190.650715,2286.200039,2326.297027,2432.935364,1939.442883
Heavily indebted poor countries (HIPC),HPC,456.61086,528.7045328,614.5754217,722.1557822,706.4881394,759.4144019,825.3683617,863.6114447,937.1300373,963.5646355,919.6013738,916.401454,990.5868696,784.9394857
Croatia,HRV,10521.03386,11691.62276,13948.69601,16357.17606,14582.22735,13937.14227,14577.19889,13250.75712,13665.91418,13609.49731,11780.13124,12366.82154,13383.6835,13359.37708
Haiti,HTI,468.7572696,508.9688066,619.8127742,678.8447898,672.0369979,665.6274195,744.2174268,769.7073834,812.68869,831.9598193,815.7282844,735.7551202,765.6139847,699.2091359
Hungary,HUN,11205.97134,11447.81687,13907.50338,15739.73541,13029.88338,13092.23376,14118.12263,12888.30459,13668.22605,14197.837,12503.68207,12839.58454,14278.8745,13301.36735
IBRD only,IBD,2279.41079,2675.635198,3292.688282,3913.330263,3759.577502,4520.904795,5288.379905,5566.435224,5825.141611,5957.2889,5569.060182,5547.990636,6052.038611,4634.452454
IDA & IBRD total,IBT,1905.024278,2234.516469,2729.921878,3234.665328,3099.738116,3702.821785,4308.06761,4525.247981,4733.183711,4842.613872,4525.15739,4483.519404,4858.928339,3783.338935
IDA total,IDA,618.6502404,739.0504839,846.1514606,992.8492791,948.6315599,1068.2047,1189.377261,1254.491417,1347.179597,1431.896646,1372.635332,1308.996752,1345.324333,1112.572236
IDA blend,IDB,894.1584804,1127.292079,1272.083366,1478.564293,1348.866937,1537.548633,1733.9069,1864.973249,1981.713979,2125.490646,1973.224112,1787.140292,1733.460499,1604.494113
Indonesia,IDN,1263.287321,1589.801489,1860.002763,2166.854167,2261.247224,3122.362815,3643.043936,3694.348946,3623.911582,3491.624791,3331.695128,3562.845756,3836.913814,2880.610749
IDA only,IDX,474.2157809,535.7243409,623.0209268,738.8172001,740.9239464,823.4779359,904.086198,932.9598747,1013.073632,1065.618883,1056.805395,1060.144064,1147.046624,855.0703694
Isle of Man,IMN,37761.15048,42106.80118,54194.98641,70994.40895,65031.33187,69766.52119,77351.95888,76104.68137,80431.6728,88974.22865,81606.28003,79155.54167,,68623.29696
India,IND,714.8610803,806.7532837,1028.334759,998.5222694,1101.960919,1357.563701,1458.103145,1443.879529,1449.605912,1573.881492,1605.605431,1729.268021,1981.499045,1326.910661
Not classified,INX,,,,,,,,,,,,,,#DIV/0!
Ireland,IRL,50878.22361,54306.42932,61359.74138,61262.10056,52105.15248,48711.94993,51943.96318,48945.98023,51665.17831,55628.18271,61908.79453,63558.69793,68941.80665,56247.40006
"Iran, Islamic Rep.",IRN,3246.051029,3774.357841,4904.666252,5630.442995,5677.888522,6603.212269,7818.057232,7927.647542,6111.440608,5608.602512,4916.085938,5265.906635,5627.749268,5624.008357
Iraq,IRQ,1855.522004,2373.214785,3182.947982,4636.610978,3853.940935,4657.280426,6045.495551,6836.027313,7076.87718,6818.804621,4989.803075,4649.468115,5143.661232,4778.434938
Iceland,ISL,56658.58959,56673.59304,69054.2708,56409.77346,41333.41987,43024.92384,47516.87574,45910.0209,49522.23697,54242.05468,52428.59576,61757.94931,71314.7742,54295.92909
Israel,ISR,20549.67114,21830.04136,24894.27768,29548.06352,27713.44703,30659.12775,33701.2131,32543.45515,36344.31551,37733.59292,35855.27504,37371.62691,40543.58417,31483.66856
Italy,ITA,31959.26295,33410.74744,37698.78665,40640.18386,36976.84553,35849.3732,38334.68385,34814.12512,35370.27526,35396.66572,30170.5166,30830.92266,32155.20587,34892.8919
Jamaica,JAM,4089.198442,4321.043327,4633.944386,4917.718398,4316.231053,4696.841894,5100.396955,5206.906722,4964.832794,4817.925925,4892.897447,4842.045011,5060.544924,4758.502098
Jordan,JOR,2183.396157,2513.031668,2735.38314,3388.803832,3477.978798,3656.453675,3775.519303,3827.294451,3952.340311,4047.553142,4097.411436,4109.574819,4168.641604,3533.337103
Japan,JPN,37217.64873,35433.98896,35275.22843,39339.29757,40855.17564,44507.67639,48167.99727,48603.47665,40454.44746,38109.41211,34524.46986,38794.33094,38331.9794,39970.39457
Kazakhstan,KAZ,3771.278957,5291.57565,6771.414797,8513.564645,7165.223175,9070.488253,11634.0019,12386.7,13890.63177,12807.26069,10510.77189,7714.841844,9030.318806,9119.851721
Kenya,KEN,511.6164222,685.9545322,825.6665976,902.0700258,905.1317861,951.6879611,971.633329,1136.871406,1210.388014,1315.804535,1336.883349,1410.527571,1568.201541,1056.341313
Kyrgyz Republic,KGZ,476.55213,543.1107024,721.7686908,966.3936272,871.2243893,880.0377751,1123.883168,1177.974735,1282.437162,1279.769783,1121.082835,1120.666513,1242.769643,985.2054734
Cambodia,KHM,474.1112278,539.7501687,631.5248421,745.6091807,738.0547836,785.5022829,882.2754926,950.880346,1013.420401,1093.496191,1162.90492,1269.591257,1385.25998,897.8754672
Kiribati,KIR,1214.556667,1168.448531,1374.452153,1428.120516,1311.999002,1516.811869,1735.018358,1788.505421,1715.765331,1642.762597,1542.57525,1584.807446,1625.57597,1511.492239
St. Kitts and Nevis,KNA,12329.66118,13883.42353,15152.13488,16465.05014,15783.58386,15643.56682,16557.69072,16044.11613,16878.19046,18057.61531,18286.31939,18575.75173,19060.57072,16362.89807
"Korea, Rep.",KOR,18639.52221,20888.38015,23060.70788,20430.63946,18291.9196,22086.95292,24079.78852,24358.78218,25890.01867,27811.36638,27105.07623,27608.24743,29742.83886,23845.71081
Kuwait,KWT,35590.70407,42782.09235,45782.83864,55495.23113,37539.25602,38577.38166,48618.88229,51978.99848,49388.1094,44062.3051,29869.52939,27653.1644,29474.54143,41293.31034
Latin America & Caribbean (excluding high income),LAC,4881.689304,5659.584379,6632.470321,7673.023299,7106.037595,8760.299195,9861.548467,9815.650853,9927.199022,10050.95922,8449.223414,8131.541009,8959.802025,8146.848316
Lao PDR,LAO,475.6107135,590.6327074,710.344815,900.3236718,948.6539323,1140.599205,1378.361365,1581.395403,1825.665113,1998.335215,2134.704224,2308.802616,2423.846203,1416.713476
Lebanon,LBN,4573.536073,4632.312707,5217.471718,6134.13043,7371.100639,7756.744069,7703.389472,7985.854941,7923.851717,7712.062848,7649.832611,7634.946544,7838.343385,6933.352089
Liberia,LBR,294.8930368,336.1156743,396.6017613,478.3999379,470.9476196,513.4456986,596.8970811,657.9362563,721.9300554,721.1827948,710.3838577,714.6233922,698.7017644,562.4660716
Libya,LBY,8163.010778,9336.35667,11300.19134,14382.57629,10275.26656,12064.78069,5554.179164,13025.28139,10363.78949,6466.91027,4337.919139,4038.970683,5792.06511,8853.945967
St. Lucia,LCA,6216.823627,6860.323872,7632.043989,7568.453414,7425.026672,8037.472967,8227.394082,8139.892046,8343.795374,8650.818281,9160.734157,9377.886858,10003.25987,8126.455785
Latin America & Caribbean,LCN,5134.447776,5946.130227,6922.367591,7951.528389,7386.953826,9058.33022,10184.85262,10177.56297,10316.48882,10405.4843,8856.928817,8561.875358,9397.620709,8484.659356
Least developed countries: UN classification,LDC,453.02676,517.9797525,606.093558,735.2844136,716.4826284,804.0226443,901.5127161,940.3088576,994.3154133,1055.078521,1019.805505,996.4319781,1092.653966,833.3074395
Low income,LIC,390.9657395,428.4090736,501.4508832,597.4223479,595.788536,638.2310085,696.4949413,733.2472295,783.1790758,822.0262039,790.8911312,737.0070615,766.5172164,652.4331114
Liechtenstein,LIE,105414.442,114390.5997,130655.637,143255.9816,126082.4926,141200.38,158156.5998,149010.2249,173058.3174,178845.631,167290.94,165028.245,,146032.4576
Sri Lanka,LKA,1248.698185,1435.817177,1630.388906,2037.322103,2090.401826,2799.648876,3200.833829,3350.521876,3610.289363,3819.25353,3843.780672,3886.291502,4104.630983,2850.606064
Lower middle income,LMC,869.1577077,1027.197493,1238.871477,1366.377002,1377.377483,1659.708394,1845.607867,1907.161615,1962.132293,2040.165511,1995.940544,2049.093225,2187.498829,1655.868419
Low & middle income,LMY,1827.584855,2146.884346,2625.251832,3110.293934,2996.866742,3588.572251,4182.327928,4404.946735,4608.142466,4719.202757,4418.263656,4378.157291,4743.063862,3673.042973
Lesotho,LSO,842.8130532,904.6034022,863.7796315,884.9626748,890.9963833,1183.42153,1391.341435,1329.274971,1245.247919,1279.494446,1219.177853,1119.719758,1232.786919,1106.739998
Late-demographic dividend,LTE,2913.863558,3494.500189,4375.743129,5406.477925,5192.328329,6190.070105,7501.204161,7976.080385,8546.809792,8799.331608,8192.175446,8142.694211,8943.25321,6590.348619
Lithuania,LTU,7863.162009,9240.642548,12297.91535,14961.56818,11837.39103,11984.86857,14357.73523,14341.18163,15693.78673,16545.12267,14291.90642,14982.53305,16809.64826,13477.49705
Luxembourg,LUX,80289.69641,89739.7117,106018.4928,114293.8433,103198.6693,104965.3061,115761.5077,106749.0136,113625.1329,118823.6484,100428.368,101305.5277,104498.7387,104592.1274
Latvia,LVA,7558.742006,9667.9757,14044.01589,16348.53121,12219.37379,11326.21947,13702.68947,13822.80559,15032.28201,15716.36907,13639.69412,14133.68295,15684.55852,13299.7646
"Macao SAR, China",MAC,25043.01895,29950.77311,36352.91846,40597.55748,40796.96183,52253.15531,66644.38534,76291.84749,89287.45402,93777.1068,75340.98698,73954.95677,81208.88207,60115.38497
St. Martin (French part),MAF,,,,,,,,,,,,,,#DIV/0!
Morocco,MAR,2018.025743,2196.01219,2499.259938,2890.360083,2866.924199,2839.925168,3046.949136,2912.658275,3121.681176,3171.699192,2875.257985,2897.66344,3036.171062,2797.891353
Monaco,MCO,124193.6056,134044.7012,169961.3839,185721.7942,154762.1994,150585.4489,168785.9408,157515.8991,177593.3519,189170.8957,165920.2236,169904.1821,166726.0519,162683.5137
Moldova,MDA,831.2052862,950.6482044,1230.434685,1695.972811,1525.526119,1958.133697,2363.593749,2446.725316,2668.683032,2674.116332,2179.233625,2272.405707,2724.493093,1963.167051
Madagascar,MDG,274.8197023,292.1507288,377.8481567,470.7331598,415.6894034,412.7309341,454.9630874,443.9047493,461.7209205,452.4615431,402.0883118,400.0362751,448.4007965,408.2729053
Maldives,MDV,3639.966576,4809.963115,5574.451876,6614.159147,6636.412416,7076.662423,7291.42764,7265.613656,7928.457365,8499.365762,9033.390413,9282.723553,9801.624542,7188.786037
Middle East & North Africa,MEA,4409.683838,5055.549386,5867.603047,7160.393699,6267.591181,7172.828684,8331.948772,8895.135438,8667.951716,8540.723351,7388.593939,7264.079568,7422.027903,7111.085425
Mexico,MEX,8277.671251,9068.294387,9642.680605,10016.5713,8002.972106,9271.398233,10203.42085,10241.72792,10725.18332,10922.37605,9605.952351,8739.142471,9281.101483,9538.345564
Marshall Islands,MHL,2496.083825,2580.91703,2689.98769,2719.918468,2713.2,2926.748394,3064.872371,3265.520038,3351.027433,3202.597107,3128.4998,3368.804018,3516.71432,3001.914653
Middle income,MIC,1975.895522,2326.860953,2851.114519,3382.12476,3261.225174,3916.58872,4574.342688,4823.533202,5050.445776,5176.453636,4850.346612,4817.176095,5229.031764,4018.087648
North Macedonia,MKD,3037.75311,3325.635809,4036.20277,4793.443669,4544.008835,4542.899717,5063.786986,4698.141294,5210.67583,5468.480869,4840.273123,5129.15896,5417.642019,4623.70023
Mali,MLI,488.8281374,522.5783724,596.6901888,690.8824398,698.2183825,709.5819646,836.5098094,778.6694625,805.2596685,847.1502669,751.1704966,779.874933,828.6132202,718.0021033
Malta,MLT,15835.34667,16671.5672,19375.5696,21928.70067,20675.58259,21087.79469,22823.44311,21931.74762,23830.93706,25961.32788,24046.27535,25128.93738,27241.09064,22041.40927
Myanmar,MMR,244.8823499,294.1631813,406.7286892,638.1490599,734.4460067,979.05163,1176.242453,1165.794329,1162.33144,1251.820765,1133.002816,1192.495338,1249.828757,894.5336012
Middle East & North Africa (excluding high income),MNA,2292.407962,2617.200937,3178.772355,3847.273746,3658.797872,4157.876099,4629.722562,5010.581884,4623.352411,4469.444244,3960.769906,3924.923357,3817.686174,3860.677655
Montenegro,MNE,3674.617924,4425.678873,5976.391922,7367.751909,6727.10552,6682.281158,7318.74469,6586.721279,7186.431924,7378.345289,6514.272695,7028.936577,7784.06529,6511.641927
Mongolia,MNG,998.8313648,1334.211681,1632.726952,2136.563214,1714.360545,2643.292914,3757.558633,4351.88692,4366.075901,4158.525715,3918.579174,3660.150746,3671.948419,2949.593245
Northern Mariana Islands,MNP,18764.812,17715.90136,16986.90668,17189.93135,14669.7913,14804.24673,13571.05828,13827.7697,14274.24065,15278.90787,16690.5701,22246.74308,28163.78487,17244.97415
Mozambique,MOZ,376.8846717,394.3090679,432.1785512,516.0050958,476.6034689,431.5154715,542.8909589,613.984066,626.6977558,645.2488803,547.2380939,391.5528948,441.6178369,495.1328318
Mauritania,MRT,722.3230795,977.1235632,1048.162138,1222.923912,1079.233931,1241.428756,1435.635415,1411.35283,1477.361539,1366.808962,1194.312515,1135.558646,1161.785457,1190.308519
Mauritius,MUS,5282.906022,5695.969327,6574.654338,8030.063005,7318.12641,8000.376432,9197.026972,9291.227619,9637.00265,10153.93822,9260.447303,9681.618567,10484.90836,8354.48194
Malawi,MWI,289.5551689,308.1634757,332.2591444,387.6059753,438.2120429,478.6685897,534.9512647,391.5618324,348.4302696,371.2697496,380.5970331,315.7773264,356.7175732,379.5207266
Malaysia,MYS,5587.02565,6209.114104,7243.455987,8474.575822,7292.493044,9040.566251,10399.37275,10817.44287,10970.12328,11319.07976,9799.367531,9671.024717,10117.56903,8995.477754
North America,NAC,43349.0056,45724.25136,47646.43886,48215.11179,46483.02509,48373.70037,50110.05567,51703.26734,53052.79008,54618.84662,55476.89671,56340.17651,58434.03088,50732.89207
Namibia,NAM,3674.002201,3974.522425,4356.244512,4153.247938,4265.258745,5324.61704,5753.987148,5930.548473,5694.082634,5624.135341,5032.889762,4786.235303,5646.456007,4939.70981
New Caledonia,NCL,,,,,,,,,,,,,,#DIV/0!
Niger,NER,249.9279298,257.8291528,292.2197341,352.7199749,339.1436177,347.3430407,374.4828645,390.1199097,414.3886131,427.737226,360.8533841,362.1311323,375.8694897,349.59739
Nigeria,NGA,1268.383443,1656.424759,1883.461311,2242.871886,1891.33537,2292.445156,2520.404166,2746.991789,2998.072843,3222.693537,2730.430324,2175.99967,1968.559588,2276.774911
Nicaragua,NIC,1162.290113,1226.688853,1327.96143,1499.262072,1444.375179,1503.867544,1655.810963,1760.46057,1811.638036,1934.064011,2049.851415,2107.574238,2168.19124,1665.541205
Netherlands,NLD,41979.05585,44863.35063,51733.44213,57644.47997,52514.02712,50950.03434,54159.34661,50073.00566,52184.06185,52830.17423,45175.23189,46007.85292,48482.76621,49892.0638
Norway,NOR,66775.3944,74114.69715,85170.86217,97007.94189,80067.17664,87770.26684,100711.2248,101668.1707,103059.2482,97199.9191,74521.56993,70941.52527,75704.2487,85747.09583
Nepal,NPL,315.80563,346.9452514,391.3801314,470.4555473,478.1731816,592.4010975,699.4293377,698.4664794,715.923743,743.4133813,792.5528906,777.1475955,900.5739036,609.4360131
Nauru,NRU,,,2076.768906,3972.594107,4456.620562,4920.945499,7227.074927,10101.90017,10038.9491,9872.032592,8013.14784,7820.909491,8844.41715,7031.396395
New Zealand,NZL,27751.06547,26671.32942,32510.0827,31287.94365,28201.23228,33692.01083,38426.55081,39970.44004,42949.14223,44533.78309,38559.54704,40026.8522,42260.12518,35910.7773
OECD members,OED,31104.73338,32573.43985,35371.37602,37185.13258,34569.82804,35981.4354,38473.9885,38185.85045,38444.75376,39000.2966,36603.71808,37070.56061,38407.76928,36382.52943
Oman,OMN,12377.06807,14420.51706,15838.46561,22139.64041,16823.77165,19281.16563,20896.74698,21923.54802,20926.55405,20131.9813,16150.88726,14721.64733,15170.35174,17754.02655
Other small states,OSS,8046.02356,9251.425324,11025.50219,13162.24471,10985.72016,12462.89184,15048.75637,15464.65142,15705.66055,15831.08567,12832.04013,12404.20144,13422.24394,12741.72672
Pakistan,PAK,683.0902351,836.8605211,908.0950906,990.8465996,957.9956808,988.7541283,1164.976129,1198.109001,1208.90431,1251.164104,1356.667731,1368.454326,1466.843096,1106.212381
Panama,PAN,4916.914994,5348.895292,6166.180721,7154.274496,7576.140467,8082.028459,9358.251475,10722.28363,11889.12763,12796.07004,13630.30797,14356.32405,15166.12443,9781.763358
Peru,PER,2729.498682,3154.331237,3606.070435,4220.616969,4196.312793,5082.354757,5869.32308,6528.972218,6756.752769,6679.341948,6227.586716,6205.3709,6700.81138,5227.487991
Philippines,PHL,1193.977291,1390.517223,1670.590155,1916.296708,1821.523941,2124.05677,2345.327754,2572.629425,2749.386636,2831.316667,2867.15199,2941.21204,2981.934151,2261.993904
Palau,PLW,9336.095243,9623.219038,10080.05533,10524.98396,9992.03172,10184.51685,10889.58016,12168.28231,12799.36953,13938.22194,16593.48995,17150.04231,16274.90454,12273.44561
Papua New Guinea,PNG,749.1863962,1249.657689,1401.931659,1672.927552,1626.298983,1949.34856,2406.897103,2790.699587,2729.875551,2920.774825,2679.326711,2509.629007,2640.153572,2102.0544
Poland,POL,8021.003655,9038.730847,11255.4367,14001.44688,11527.59323,12599.53358,13893.50926,13145.53926,13781.06261,14347.91458,12572.32185,12431.57542,13861.05156,12344.36303
Pre-demographic dividend,PRE,773.3865239,954.1856181,1121.964093,1375.917004,1205.693085,1386.538922,1572.979941,1684.116329,1789.071845,1859.787228,1585.584759,1403.432374,1457.876694,1397.733417
Puerto Rico,PRI,21959.3227,22935.94116,23664.88235,24898.33459,25768.72589,26435.74879,27278.88305,27944.73389,28513.16574,28981.45733,29764.05389,30628.75478,31353.43418,26932.87987
"Korea, Dem. Peopleâ€™s Rep.",PRK,,,,,,,,,,,,,,#DIV/0!
Portugal,PRT,18784.9485,19821.44463,22780.05845,24815.60884,23063.97161,22538.65408,23196.18375,20577.40264,21618.73534,22077.53613,19252.63495,19977.39849,21291.43088,21522.76987
Paraguay,PRY,1843.633791,2271.090038,2976.825503,4041.583876,3624.571058,4355.934939,5322.96376,5183.082877,5926.832863,6102.943233,5406.703857,5319.410218,5680.580768,4465.858214
West Bank and Gaza,PSE,1455.187875,1441.4617,1575.5634,1857.890515,1970.182963,2354.125987,2695.193853,2834.021525,3060.312389,3046.821798,2967.851747,3074.291152,3254.485887,2429.799292
Pacific island small states,PSS,2537.549742,2636.320766,2855.898095,3038.828957,2642.203701,2897.483969,3404.54485,3591.851379,3676.08082,3945.603083,3782.032777,3885.782088,4080.526197,3305.746648
Post-demographic dividend,PST,34019.15845,35605.91231,38638.72552,40604.55175,38069.21859,39509.79537,42293.58879,42071.30822,42297.68678,42966.73003,40474.33757,41182.42804,42724.08249,40035.19415
French Polynesia,PYF,,,,,,,,,,,,,,#DIV/0!
Qatar,QAT,51455.59419,59530.15354,65421.75277,80234.47007,59094.44494,67403.1603,82409.58033,85076.14793,85050.91097,83858.52838,63039.01655,57163.06099,61264.39648,69307.78596
Romania,ROU,4617.929016,5757.496429,8360.166321,10435.04398,8548.118672,8209.919456,9104.995622,8535.046876,9555.244217,10026.97358,8977.498544,9567.097782,10792.95628,8652.960521
Russian Federation,RUS,5323.473877,6920.194398,9101.256706,11635.27424,8562.813697,10674.9972,14351.21205,15434.57478,16007.08999,14100.7291,9313.787542,8745.375116,10750.58712,10840.10506
Rwanda,RWA,303.7407156,344.5772458,410.99572,511.0549513,549.2400411,576.049201,637.6284383,695.2740829,704.9801594,723.281841,728.0817574,726.353049,762.4991636,590.2889513
South Asia,SAS,684.7590138,774.8785294,959.3228499,959.4803127,1042.013483,1257.66949,1367.338787,1364.441602,1381.881309,1494.461188,1541.835813,1648.678479,1867.272248,1257.233316
Saudi Arabia,SAU,13791.44629,15384.74015,16516.62362,20078.25779,16113.14249,19262.54768,23745.80161,25243.3587,24844.74437,24463.90316,20627.93278,19879.29753,20803.74257,20058.11836
Sudan,SDN,689.209557,905.3097449,1128.41035,1304.533051,1238.180845,1489.876911,1672.103295,1882.24677,1943.916458,2163.155898,2486.745659,2398.10188,3015.02443,1716.678065
Senegal,SEN,993.9320411,1040.903994,1222.372918,1411.929332,1317.235687,1278.977754,1371.723353,1330.057448,1375.678754,1394.794743,1218.764246,1269.040407,1367.218948,1276.356125
Singapore,SGP,29961.26328,33769.15416,39432.93835,40007.46926,38927.20688,47236.96023,53890.42873,55546.48854,56967.42579,57562.53079,55646.61875,56724.17039,60297.79378,48151.57299
Solomon Islands,SLB,880.8129914,949.3376001,1048.650015,1208.338618,1160.301648,1290.398779,1722.418113,1913.232022,1977.451411,1996.781176,1914.467926,1990.031497,2077.126038,1548.411372
Sierra Leone,SLE,292.3493252,323.3891849,360.3721418,408.4807421,391.2010053,401.8350014,448.3375255,566.3786569,716.8353047,714.7007124,588.2284527,501.4157129,499.3807078,477.9157287
El Salvador,SLV,2428.569512,2631.820415,2786.157922,2933.395056,2858.478981,2983.229771,3266.010452,3428.410386,3509.531493,3589.040604,3705.577946,3800.122181,3902.237622,3217.121719
San Marino,SMR,66795.51231,70457.42838,82771.70365,90435.2703,76686.0213,68496.36068,64890.23886,56068.43455,57302.688,54282.8098,45774.58789,46692.35109,48494.55141,63780.61217
Somalia,SOM,,,,,,,,,496.1065253,488.8569787,483.3589617,482.1785648,488.5833065,487.8168674
Serbia,SRB,3720.479155,4382.617279,5848.476405,7101.040141,6169.114195,5735.422857,6809.159804,6015.945228,6755.073511,6600.05665,5585.117808,5756.381194,6284.192672,5904.852069
Sub-Saharan Africa (excluding high income),SSA,1006.386635,1164.957326,1316.415293,1469.023515,1356.756539,1575.222758,1737.452571,1781.425063,1843.34454,1884.300537,1667.861095,1509.928288,1597.682727,1531.596684
South Sudan,SSD,,,,1779.815136,1337.892749,1654.055676,1813.370515,1025.229925,1280.307197,1258.378127,1154.800949,283.4878017,,1287.482008
Sub-Saharan Africa,SSF,1007.49347,1166.1399,1317.569308,1470.043561,1357.618445,1576.176004,1738.47572,1782.408543,1844.577249,1885.509122,1669.088368,1511.184408,1598.968095,1532.711707
Small states,SST,7516.673013,8567.792034,10063.04002,11881.82114,9938.976474,11191.49531,13284.48724,13672.58756,13888.51918,14024.72971,11732.17339,11298.81941,12125.16296,11475.8675
Sao Tome and Principe,STP,866.5074511,883.0666981,896.8546188,1098.767934,1067.917334,1094.710636,1263.865523,1340.526507,1577.022329,1782.797756,1595.861423,1710.133948,1811.009633,1306.849369
Suriname,SUR,3590.626616,5197.93993,5744.424776,6831.956321,7408.667674,8255.796859,8263.172923,9201.008785,9402.233137,9472.0076,8561.974179,5606.712075,5379.119415,7147.356945
Slovak Republic,SVK,11669.41975,13139.03218,16057.73314,18650.35912,16512.98197,16600.61359,18187.15744,17274.6423,18191.61279,18629.77966,16182.30372,16544.22781,17579.2594,16555.31714
Slovenia,SVN,18169.18091,19726.1265,23841.31792,27501.81027,24633.79785,23437.47202,24985.24827,22532.43564,23357.9392,24194.97435,20887.51964,21617.57985,23449.57452,22948.84438
Sweden,SWE,43134.71673,46312.48838,53387.94062,55814.01639,46256.23794,52132.91853,59666.07202,57197.19931,60347.68749,59241.60638,50832.55271,51617.54035,53253.47664,53014.95796
Eswatini,SWZ,3083.826171,3176.700366,3327.441943,3137.39623,3385.842837,4168.505062,4496.600777,4469.457324,4196.309733,3997.451936,3641.408583,3426.826597,3941.900457,3726.89754
Sint Maarten (Dutch part),SXM,,,,,,,,,,,,,,#DIV/0!
Seychelles,SYC,11092.51074,12014.39987,12154.82994,11122.86207,9706.95606,10804.68447,12189.09516,12006.68296,14765.67398,14700.33434,14745.34146,15077.83902,15683.6565,12774.22051
Syrian Arab Republic,SYR,1571.738407,1748.90568,2032.623489,,,,,,,,,,,1784.422525
Turks and Caicos Islands,TCA,20533.91625,24561.65051,25456.30212,27648.34402,22019.65773,21028.40814,21835.08314,21009.88581,21328.97901,23296.33691,24832.59637,25995.17246,25933.60744,23498.45692
Chad,TCD,658.3049578,709.7651951,798.5480013,925.6360843,800.4642249,891.6988174,983.4472327,967.408126,979.5339592,1018.930956,775.7075235,692.9785958,664.3033157,835.9020761
East Asia & Pacific (IDA & IBRD countries),TEA,1657.03127,1980.520162,2485.318296,3122.694529,3360.682993,4045.411068,4907.691743,5432.980876,5950.187377,6349.521859,6556.420419,6623.978189,7156.320319,4586.827623
Europe & Central Asia (IDA & IBRD countries),TEC,4670.396158,5643.719939,7246.46438,8950.184094,7071.714735,8249.422465,9976.51225,10356.86657,10929.83092,10297.33222,7981.267098,7648.518446,8516.291877,8272.193935
Togo,TGO,406.4009505,407.6946979,449.1442328,544.1475234,538.4419516,533.508792,586.3288415,571.8394289,621.2222598,640.0816111,570.6807371,587.8744094,619.066371,544.3409082
Thailand,THA,2894.061896,3369.547815,3973.019618,4379.659877,4213.001541,5076.342992,5492.115427,5860.58061,6168.264895,5951.883702,5840.046948,5978.611454,6578.188865,5059.640434
Tajikistan,TJK,340.5830327,408.8385907,526.6429154,715.8651105,676.1234193,749.552711,847.3821018,969.2964731,1048.227293,1104.171689,929.0958572,802.5180041,806.0415731,763.4106747
Turkmenistan,TKM,1704.417531,2136.474322,2600.369292,3904.463719,4036.455999,4439.200382,5649.952278,6675.185658,7304.287132,7962.239098,6432.680702,6389.548408,6587.090316,5063.258834
Latin America & the Caribbean (IDA & IBRD countries),TLA,5007.857902,5814.886571,6801.772039,7848.968346,7265.389013,8974.007984,10119.52347,10102.29563,10237.80717,10322.94239,8716.406758,8404.752742,9253.666484,8374.636654
Timor-Leste,TLS,1822.574955,2614.875038,2779.875017,4160.734435,2978.437303,3656.952175,5095.489043,5879.699782,4888.317123,3441.650571,2585.153878,2053.273798,2000.601191,3381.356485
Middle East & North Africa (IDA & IBRD countries),TMN,2301.748666,2630.401593,3196.903128,3870.006913,3678.17807,4178.685372,4652.157905,5036.026187,4641.495942,4485.98379,3972.175733,3934.616702,3823.8332,3877.093323
Tonga,TON,2598.2472,2892.039182,2925.91276,3380.613351,3062.533091,3553.220614,4084.624132,4597.742305,4428.566481,4393.940811,4320.63799,3966.15652,4217.476507,3724.746996
South Asia (IDA & IBRD),TSA,684.7590138,774.8785294,959.3228499,959.4803127,1042.013483,1257.66949,1367.338787,1364.441602,1381.881309,1494.461188,1541.835813,1648.678479,1867.272248,1257.233316
Sub-Saharan Africa (IDA & IBRD countries),TSS,1007.49347,1166.1399,1317.569308,1470.043561,1357.618445,1576.176004,1738.47572,1782.408543,1844.577249,1885.509122,1669.088368,1511.184408,1598.968095,1532.711707
Trinidad and Tobago,TTO,12327.23317,14102.49585,16539.87811,21204.10497,14514.14172,16683.35538,19034.1492,19161.95991,20026.78753,20169.65301,18332.49031,15786.12052,16076.08204,17227.57321
Tunisia,TUN,3193.206569,3370.033926,3775.75001,4307.155878,4128.462783,4141.976353,4264.674946,4152.678587,4222.703245,4305.474165,3859.814436,3698.565075,3494.318864,3916.524218
Turkey,TUR,7384.251628,8035.377338,9711.873594,10854.17225,9038.52015,10672.38925,11335.51051,11707.25971,12519.39143,12095.85457,10948.72461,10820.63384,10499.74557,10432.59265
Tuvalu,TUV,2183.909889,2263.128601,2644.652776,2936.859633,2599.895701,3022.28882,3640.861433,3507.936911,3454.684953,3398.818942,3197.795645,3255.894866,3572.608367,3052.256657
Tanzania,TZA,492.6313793,485.4974874,552.8395296,687.3904455,695.2167768,743.4037847,781.4370143,867.8676806,970.4169384,1030.092917,947.9334465,966.4746224,1004.841121,786.6187033
Uganda,UGA,325.5903736,347.9903568,416.8986194,467.9005703,578.4230564,622.4988457,602.6846514,668.832462,689.1548142,739.373927,709.0210386,608.7057351,631.5227198,569.89209
Ukraine,UKR,1826.932206,2300.77148,3065.611623,3887.241412,2542.997136,2965.142365,3569.757027,3855.42128,4029.715504,3104.658296,2124.662666,2187.731997,2640.675677,2930.870667
Upper middle income,UMC,3115.726879,3677.355764,4541.514267,5514.190473,5270.589377,6344.152969,7533.005863,8009.525571,8448.564499,8651.290227,8032.489459,7921.734348,8663.27389,6594.108737
Uruguay,URY,5226.937806,5887.848703,7026.511491,9091.079039,9451.932449,11992.01663,14236.68119,15171.58466,16973.67421,16831.97294,15613.76427,15387.14403,16437.24487,12256.03018
United States,USA,44114.74778,46298.73144,47975.96768,48382.55845,47099.98047,48466.82338,49883.11398,51603.49726,53106.90977,55032.958,56803.47243,57904.20196,59927.92983,51276.99173
Uzbekistan,UZB,546.7768502,654.2838373,830.4076942,1082.286025,1213.265328,1377.08214,1564.966945,1740.468298,1907.561704,2492.336643,2615.025134,2567.799418,1826.56704,1570.679004
St. Vincent and the Grenadines,VCT,5070.512702,5625.35139,6307.214096,6415.809617,6232.719361,6292.789829,6242.193281,6390.314389,6639.621791,6684.803622,6921.40975,7041.560804,7149.630866,6385.687038
"Venezuela, RB",VEN,5504.976824,6833.377894,8454.466743,11432.74386,11765.10018,13825.35809,10955.34991,12985.50533,12456.71245,16054.49051,,,,11026.80818
British Virgin Islands,VGB,,,,,,,,,,,,,,#DIV/0!
Virgin Islands (U.S.),VIR,40929.79512,41560.9342,44333.06566,39207.00375,38771.27439,40043.19017,39144.16577,37849.72872,34819.14775,33573.09703,34797.14047,35931.54125,35938.02439,38222.93144
Vietnam,VNM,687.4797356,784.3724223,906.2841981,1149.424642,1217.268555,1317.890706,1525.115988,1735.141276,1886.671896,2030.261955,2085.101484,2192.214539,2365.621666,1529.449928
Vanuatu,VUT,1887.226576,2049.618856,2398.612625,2705.597658,2649.618144,2966.857116,3264.537017,3133.090209,3124.233078,3088.258303,2721.635936,2830.965284,2976.107116,2753.565994
World,WLD,7287.249268,7801.883178,8684.285797,9413.603054,8820.884818,9538.844659,10473.69223,10589.22672,10764.2402,10928.96142,10217.54402,10248.11112,10768.96336,9656.729988
Samoa,WSM,2574.176629,2811.338548,3026.546343,3514.798344,3039.508484,3458.188715,3946.173084,4237.01463,4219.909738,4188.733679,4155.279353,4043.694,4307.805464,3655.628232
Kosovo,XKX,2147.464271,2237.126598,2685.986222,3254.820269,3209.694109,3283.510304,3736.363217,3600.673475,3876.958302,4054.721339,3574.543333,3697.121677,3948.08815,3331.313174
"Yemen, Rep.",YEM,832.8444886,921.4184439,1017.292001,1229.246843,1116.084594,1334.784845,1374.621313,1446.53628,1607.152275,1674.002766,1608.744312,1139.870568,963.494721,1251.237958
South Africa,ZAF,5381.540924,5602.011044,6095.622439,5760.805287,5862.79734,7328.615629,8007.412846,7501.378614,6828.989393,6428.267261,5733.122569,5262.052886,6120.5068,6301.009464
Zambia,ZMB,702.7409406,1047.919187,1124.290586,1394.000608,1159.907762,1489.45907,1672.94983,1763.094184,1878.903489,1763.056239,1332.194321,1280.578447,1534.865371,1395.689233
Zimbabwe,ZWE,476.5553236,447.8549242,431.7871883,356.6933497,771.5987859,948.3318545,1093.654002,1304.969802,1430.000818,1434.89934,1445.071062,1464.583529,1602.403507,1016.031037
